Product_Image_URL,Product_Name,Product_Price,Product_Old_Price,Ratings,Product_Details,Product_Link,Shipped_From
https://cdn.dsmcdn.com/mnresize/400/-/ty1578/product/media/images/prod/PIM/20241007/08/3c1e828a-3a1b-4504-97bd-ee6af076689b/1_org_zoom.jpg,Skechers BBK 150370 -حذاء رياضي أسود من BBK,"136,91
SAR","161,07",4.7,اللون: أسود | حجم الكعب: كعب قصير (1–4 سم) | نوع الإغلاق: أربطة | نوع الكعب: مسطح | يمكن طلب بحد أقصى عدد 5 وحدة (وحدات) من هذا المنتج. يحق لترينديول إلغاء الطلبات التي تزيد عن 5 وحدة (وحدات).,https://www.trendyol.com/ar/skechers/bbk-150370-bbk-black-sneakers-p-862838265,United Arab Emirates
https://cdn.dsmcdn.com/mnresize/400/-/ty1579/prod/QC/20241004/11/142e1d61-f962-37c8-8ef9-866f9b83d617/1_org_zoom.jpg,"Fino قناع الشعر فينو بريميوم تاتش من شيسيدو، 8.11 أونصة","38,00
SAR","50,00",4.5,التأثير: تغذية/إصلاح | نوع الشعر: للشعر الجاف | الكمية: 51-75 مل | يمكن طلب بحد أقصى عدد 5 وحدة (وحدات) من هذا المنتج. يحق لترينديول إلغاء الطلبات التي تزيد عن 5 وحدة (وحدات). | يشمل سعر البيع على ترينديول بالفعل التكاليف المتعلقة بالتصدير.,https://www.trendyol.com/ar/fino/shiseido-fino-premium-touch-hair-mask-8-11-ounce-p-863624449,Saudi Arabia
https://cdn.dsmcdn.com/mnresize/400/-/ty1172/product/media/images/prod/PIM/20240216/08/6b3d1053-412f-4366-9e88-13e58423e5ab/1_org_zoom.jpg,Trendyol Collection سروال أسود من القماش المنسوج ذو الخصر العالي بطول الكاحل TWOSS20PL0515,"61,99
SAR","163,00",4.2,اللون: أسود | المجموعة: رمضان | الخصر: خصر عالي | النمط: سادة | الطول: عادي | الجيب: فليتو بوكيت | قصة الساق: سكيني فيت | نوع النسيج: بولي فيسكوز | يمكن طلب بحد أقصى عدد 5 وحدة (وحدات) من هذا المنتج. يحق لترينديول إلغاء الطلبات التي تزيد عن 5 وحدة (وحدات).,https://www.trendyol.com/ar/trendyolmilla/black-cigarette-mold-collet-high-waist-ankle-length-woven-fabric-pants-twoss20pl0515-p-44713905,Saudi Arabia
https://cdn.dsmcdn.com/mnresize/400/-/ty997/product/media/images/prod/SPM/PIM/20230906/13/71a88c34-8635-383a-9b89-183793846f2a/1_org_zoom.jpg,Siyah İnci طقم بيجامة قطن بأزرار سفلية منقوشة على شكل قلب باللونين الأسود والوردي,"40,82
SAR","48,02",4.3,اللون: أسود | تفاصيل الاستدامة: لا | تفاصيل المنتج: بأزرار | القصة: مقاس عادي | نوع المنتج: مستقيم | طول الكم: طويلة | المجموعة: رمضان | قصة الساق: أرجل مستقيمة | يمكن طلب بحد أقصى عدد 5 وحدة (وحدات) من هذا المنتج. يحق لترينديول إلغاء الطلبات التي تزيد عن 5 وحدة (وحدات). | يُباع بواسطة  SİYAHİNCİ.,https://www.trendyol.com/ar/siyah-inci/black-and-pink-heart-patterned-cotton-button-down-pajama-set-p-759408646,N/A
https://cdn.dsmcdn.com/mnresize/400/-/ty224/product/media/images/20211103/19/165170278/229850971/2/2_org_zoom.jpg,Trendyol Collection طقم بيجامة فيسكوز منسوجة بتصميم أنبوبي مزدوجة الصدر مريحة أثناء الحمل مع حزام باللون البيج THMAW22PT1109,"62,89
SAR","73,99",4.2,اللون: بيج | طقم من الأسفل إلى الأعلى: بنطال-سراويل | الستايل: بيسك | محتويات العلبة: قطعتان | المجموعة: رمضان | الياقة: كاش كور | تفاصيل الاستدامة: لا | العمر: جميع الفئات العمرية | يمكن طلب بحد أقصى عدد 5 وحدة (وحدات) من هذا المنتج. يحق لترينديول إلغاء الطلبات التي تزيد عن 5 وحدة (وحدات).,https://www.trendyol.com/ar/trendyolmilla/beige-belted-piping-detailed-double-breasted-viscose-maternity-woven-pajamas-set-thmaw22pt1109-p-133879951,Saudi Arabia
https://cdn.dsmcdn.com/mnresize/400/-/ty331/product/media/images/20220212/23/49313786/386206967/1/1_org_zoom.jpg,Mineli-Aşk صينية تقديم باتون من الفولاذ المقاوم للصدأ مكونة من 6 قطع بشكل أنيق,"75,31
SAR","83,68",4.6,اللون: معدني | حزمة متعددة: 4+ | القياسات: 133 × 133 | الخامة: الفولاذ المقاوم للصدأ | يمكن طلب بحد أقصى عدد 5 وحدة (وحدات) من هذا المنتج. يحق لترينديول إلغاء الطلبات التي تزيد عن 5 وحدة (وحدات). | يُباع بواسطة  SEVA ÇELİK.,https://www.trendyol.com/ar/mineli-ask/stainless-steel-6-piece-butterfly-baton-serving-tray-decorative-stylish-p-240372846,N/A
https://cdn.dsmcdn.com/mnresize/400/-/ty1527/product/media/images/prod/PIM/20240906/13/389f5538-5432-4120-b61f-27712ea6df4b/1_org_zoom.jpg,"Trendyol Collection قميص أزرق جديد بقصة ضيقة - نصف فتحة، أزرار، ياقة واقفة TMNSS20GO0097","48,79
SAR","60,99",4.5,اللون: أزرق | نوع النسيج: القطن الملتهب | طول الكم: طويلة | نوع القماش: النسيج | الموسم: صيف | الياقة: ياقة ماندرين | النمط: سادة | العمر: جميع الفئات العمرية | يمكن طلب بحد أقصى عدد 5 وحدة (وحدات) من هذا المنتج. يحق لترينديول إلغاء الطلبات التي تزيد عن 5 وحدة (وحدات).,https://www.trendyol.com/ar/trendyol-man/new-blue-slim-fit-shirt-half-placket-button-prevailing-collar-tmnss20go0097-p-35801490,N/A
https://cdn.dsmcdn.com/mnresize/400/-/ty1617/prod/QC/20241228/13/57a2b060-3c46-3218-9fc5-b9b8097784f6/1_org_zoom.jpg,Sude HOMEWEAR طقم بيجامة نسائي أساسي بأكمام قصيرة وطية صدر السترة من تويتي,"35,80
SAR","44,28",4,اللون: أصفر | العمر: جميع الفئات العمرية | نوع المنتج: مستقيم | تفاصيل المنتج: مطاطي | طقم من الأسفل إلى الأعلى: تيشيرت - بنطال | المناسبة: ملابس منزلية | مميزات إضافية: لا توجد ميزات إضافية متاحة | طول الكم: قصيرة | يمكن طلب بحد أقصى عدد 5 وحدة (وحدات) من هذا المنتج. يحق لترينديول إلغاء الطلبات التي تزيد عن 5 وحدة (وحدات). | يُباع بواسطة  Sude Home Wear.,https://www.trendyol.com/ar/sude-homewear/women-s-tweety-print-basic-lapel-short-sleeve-pajamas-set-p-887690411,N/A
https://cdn.dsmcdn.com/mnresize/400/-/ty1625/prod/QC/20250115/18/052694eb-5d60-36bd-a1d8-6659941920a0/1_org_zoom.jpg,"BabyJoy فوطة ماسية مضغوطة، مقاس 5، جونيور، 14-25 كجم، صندوق جامبو، 80 حفاضة","113,49
SAR","141,86",4.6,حجم القماش: 5 | النوع: حفاضات بشريط | عدد المناديل المبللة في العلبة: 80 | يمكن طلب بحد أقصى عدد 5 وحدة (وحدات) من هذا المنتج. يحق لترينديول إلغاء الطلبات التي تزيد عن 5 وحدة (وحدات). | يشمل سعر البيع على ترينديول بالفعل التكاليف المتعلقة بالتصدير. | يُباع بواسطة  Be Care.,https://www.trendyol.com/ar/babyjoy/compressed-diamond-pad-size-5-junior-14-25-kg-jumbo-box-80-diapers-p-892134833,Saudi Arabia
https://cdn.dsmcdn.com/mnresize/400/-/ty1198/product/media/images/prod/PIM/20240307/18/97dba3e7-930f-425f-8e76-1c1bb161fdd2/1_org_zoom.jpg,Trendyol Collection طقم قميص وبنطلون أزرق منسوج بنقشة الحمار الوحشي - TWOSS24AU00082,"27,00
SAR","59,99",4.3,اللون: أزرق | تفاصيل الاستدامة: لا | الخصر: خصر عالي | طقم من الأسفل إلى الأعلى: بنطال-سراويل | الطول: عادي | نوع الكم: كتف مكشوف | المجموعة: رمضان | القصة: مقاس عادي | يمكن طلب بحد أقصى عدد 5 وحدة (وحدات) من هذا المنتج. يحق لترينديول إلغاء الطلبات التي تزيد عن 5 وحدة (وحدات).,https://www.trendyol.com/ar/trendyolmilla/zebra-patterned-blue-woven-shirt-and-trousers-set-twoss24au00082-p-808997778,Saudi Arabia
https://cdn.dsmcdn.com/mnresize/400/-/ty1382/product/media/images/prod/QC/20240625/12/bf5f651a-19af-3bc0-99f4-e6f1aad392ec/1_org_zoom.jpg,"Baby Turco فرصة اقتصادية - عبوة حفاضات أطفال مكونة من قطعتين، مقاس 4 ماكسي 164 قطعة","109,20
SAR","214,12",4.6,حجم القماش: 4 | النوع: حفاضات بشريط | عدد المناديل المبللة في العلبة: 92 | يمكن طلب بحد أقصى عدد 1 وحدة (وحدات) من هذا المنتج. يحق لترينديول إلغاء الطلبات التي تزيد عن 1 وحدة (وحدات). | يُباع بواسطة  BabyTurco.,https://www.trendyol.com/ar/baby-turco/economic-deal-pack-of-2-baby-diapers-size-4-maxi-164-pieces-p-773483636,N/A
https://cdn.dsmcdn.com/mnresize/400/-/ty1355/product/media/images/prod/QC/20240605/16/eea6720f-ece7-37ec-a173-d822a42d39b9/1_org_zoom.jpg,"KIKO أحمر شفاه سائل ناتشورال روز 6 مل، لمسة مزدوجة غير محدودة","27,19
SAR","95,00",4.5,اللون: وردي | الشكل: سائل | الطول: المقاس الأصلي | المظهر: حصيرة,https://www.trendyol.com/ar/kiko/natural-rose-6ml-liquit-lipstick-unlimited-double-touch-p-4360126,Saudi Arabia
https://cdn.dsmcdn.com/mnresize/400/-/ty1638/prod/QC/20250219/13/fc91fa95-2f5c-31be-bd69-71b064f57eab/1_org_zoom.jpg,Home Box كوب قهوة دونا 280 مل,"3,00
SAR","151,68",4.4,اللون: أسود | حزمة متعددة: 1 | الكمية: 280 مل | يمكن طلب بحد أقصى عدد 5 وحدة (وحدات) من هذا المنتج. يحق لترينديول إلغاء الطلبات التي تزيد عن 5 وحدة (وحدات). | يشمل سعر البيع على ترينديول بالفعل التكاليف المتعلقة بالتصدير. | يُباع بواسطة  Home Box KSA.,https://www.trendyol.com/ar/home-box/donna-coffee-mug-280-ml-p-900599609,Saudi Arabia
https://cdn.dsmcdn.com/mnresize/400/-/ty1153/product/media/images/prod/SPM/PIM/20240201/09/4c854f0e-a202-3a6a-9e1e-334fac3d608a/1_org_zoom.jpg,Bianco Lucci قميص نسائي بقصة واسعة مع جيب واحد بتصميم مخطط,"53,12
SAR","88,53",4,اللون: بيج | المناسبة: كاجوال | نوع الكم: كم قياسي | النمط: مخطط | محتويات العلبة: قطعة واحدة | تفاصيل المنتج: مفصل الجيب | الخامة: قطن 100% | نوع القماش: النسيج | يمكن طلب بحد أقصى عدد 5 وحدة (وحدات) من هذا المنتج. يحق لترينديول إلغاء الطلبات التي تزيد عن 5 وحدة (وحدات).,https://www.trendyol.com/ar/bianco-lucci/women-s-striped-single-pocket-oversize-shirt-p-802029799,Saudi Arabia
https://cdn.dsmcdn.com/mnresize/400/-/ty497/product/media/images/20220802/14/153589435/389774691/2/2_org_zoom.jpg,Trendyol Collection طقم بيجامة منسوجة من الدانتيل المنك مع حزام من الساتان THMAW21PT0843,"55,99
SAR","168,00",4.6,اللون: بني | الطول: قياسي | محتويات العلبة: قطعتان | نوع المنتج: مستقيم | الموسم: جميع الفصول | القصة: مقاس عادي | الجوانب الفنية: لا | طقم من الأسفل إلى الأعلى: قميص داخلي - شورت | يمكن طلب بحد أقصى عدد 5 وحدة (وحدات) من هذا المنتج. يحق لترينديول إلغاء الطلبات التي تزيد عن 5 وحدة (وحدات).,https://www.trendyol.com/ar/trendyolmilla/mink-lace-rope-strap-satin-shorts-woven-pajamas-set-thmaw21pt0843-p-54085269,Saudi Arabia
https://cdn.dsmcdn.com/mnresize/400/-/ty1427/product/media/images/prod/QC/20240718/11/3dc10f2b-6e68-31c1-8e16-d03fe5235c18/1_org_zoom.jpg,Bigdart طقم تونيك وبنطلون أسود - نسائي 6663,"67,49
SAR","96,42",4.5,اللون: أسود | القصة: فضفاض | مميزات إضافية: مرن | الجيب: بدون جيوب | المجموعة: أزياء محتشمة | نوع الاغلاق: بدون إغلاق | طقم من الأسفل إلى الأعلى: بنطلون مع سترة | الخصر: خصر عادي | يمكن طلب بحد أقصى عدد 5 وحدة (وحدات) من هذا المنتج. يحق لترينديول إلغاء الطلبات التي تزيد عن 5 وحدة (وحدات). | يُباع بواسطة  Bigdart.,https://www.trendyol.com/ar/bigdart/black-tunic-and-pants-set-women-s-6663-p-827668633,N/A
https://cdn.dsmcdn.com/mnresize/400/-/ty1607/prod/QC/20241124/18/206ada7c-5439-3f5d-a5d4-7b69debd406c/1_org_zoom.jpg,Tezzgelsin سراويل داخلية نسائية عالية الخصر مصنوعة من القطن بنسبة 100% مكونة من 5 قطع سراويل داخلية نسائية مكونة من 5 قطع,"71,19
SAR","71,91",4.3,اللون: أبيض | محتويات العلبة: 5 قطع | الستايل: قصيرة | المناسبة: كاجوال | نوع القماش: غير محدد | الخامة: قطن 100% | نوع النسيج: سلس | نوع السروال: داخلي | يمكن طلب بحد أقصى عدد 5 وحدة (وحدات) من هذا المنتج. يحق لترينديول إلغاء الطلبات التي تزيد عن 5 وحدة (وحدات). | يُباع بواسطة  Tezzgelsin.,https://www.trendyol.com/ar/tezzgelsin/women-s-high-waist-100-cotton-5-piece-ribbed-bato-panties-women-s-5-piece-panties-p-878745360,N/A
https://cdn.dsmcdn.com/mnresize/400/-/ty1143/product/media/images/prod/PIM/20240123/06/3b52177a-2510-4e97-a496-0232865b3761/1_org_zoom.jpg,TRENDYOL MODEST فستان منسوج بمظهر الكتان مع تنورة مخططة متعددة الألوان وكشكشة TCTSS24EB00105,"56,25
SAR","124,99",4.3,اللون: متعدد الألوان | نوع الكم: كم قياسي | الجيب: بدون جيوب | نوع النسيج: مظهر الكتان | تفاصيل المنتج: مكشكش | المجموعة: رمضان | الياقة: ياقة ماندرين | النمط: مخطط | يمكن طلب بحد أقصى عدد 5 وحدة (وحدات) من هذا المنتج. يحق لترينديول إلغاء الطلبات التي تزيد عن 5 وحدة (وحدات).,https://www.trendyol.com/ar/trendyol-modest/linen-look-woven-dress-with-multi-colored-striped-skirt-and-ruffles-tctss24eb00105-p-784668180,Saudi Arabia
https://cdn.dsmcdn.com/mnresize/400/-/ty1428/product/media/images/prod/QC/20240719/18/3bbb449a-f24e-30d0-a39d-8e56c6f454a1/1_org_zoom.jpg,Siyah İnci طقم بيجاما نسائي من القطن باللونين الأسود والأبيض بأكمام قصيرة وأزرار,"37,64
SAR","44,28",4.3,اللون: أسود | مميزات إضافية: لا توجد ميزات إضافية متاحة | الموسم: صيف | طول الساق: طويلة | العمر: 21 - 40 سنة | نوع المنتج: مستقيم | طقم من الأسفل إلى الأعلى: تيشيرت - بنطال | حزمة متعددة: مجموعة من قطعتين | يمكن طلب بحد أقصى عدد 5 وحدة (وحدات) من هذا المنتج. يحق لترينديول إلغاء الطلبات التي تزيد عن 5 وحدة (وحدات). | يُباع بواسطة  SİYAHİNCİ.,https://www.trendyol.com/ar/siyah-inci/women-s-black-white-short-sleeve-cotton-buttoned-pijama-set-p-36506729,N/A
https://cdn.dsmcdn.com/mnresize/400/-/ty1633/product/media/images/prod/PIM/20250207/14/82c37603-fc19-4e68-8d3f-c6f7b5658517/1_org_zoom.jpg,Skechers أحذية صيفية عالية الخصر - أحذية مريحة وعصرية,"129,74
SAR","144,16",4.7,اللون: بيج | حجم الكعب: كعب قصير (1–4 سم) | نوع الكعب: مسطح | يمكن طلب بحد أقصى عدد 5 وحدة (وحدات) من هذا المنتج. يحق لترينديول إلغاء الطلبات التي تزيد عن 5 وحدة (وحدات).,https://www.trendyol.com/ar/skechers/high-waist-summits-comfortable-and-fashionable-shoes-p-897412113,United Arab Emirates
https://cdn.dsmcdn.com/mnresize/400/-/ty1390/product/media/images/prod/QC/20240629/15/9e97cae3-4928-3540-adef-79863ceeff1b/1_org_zoom.jpg,Humaone سراويل داخلية نسائية بيضاء مضلعة عالية الخصر مكونة من 5 قطع من القطن بنسبة 100%,"33,60
SAR","48,00",4.5,اللون: أبيض | العمر: جميع الفئات العمرية | المجموعة: ملابس داخلية | الشخصية: لا يوجد شخص | القصة: داخلي | تفاصيل الاستدامة: عضوي | النمط: ملون | محتويات العلبة: 5 قطع | يمكن طلب بحد أقصى عدد 5 وحدة (وحدات) من هذا المنتج. يحق لترينديول إلغاء الطلبات التي تزيد عن 5 وحدة (وحدات).,https://www.trendyol.com/ar/humaone/women-s-100-cotton-5-piece-high-waist-ribbed-white-panties-p-149887506,Saudi Arabia
https://cdn.dsmcdn.com/mnresize/400/-/ty112/product/media/images/20210505/19/86116190/163296115/1/1_org_zoom.jpg,U.S. Polo Assn. قميص أبيض نسائي,"78,99
SAR","150,46",4.4,اللون: أبيض | الخامة: قطن - بوليستر | النمط: سادة | طول الكم: طويلة | مميزات إضافية: قصة مستقيمة | القصة: مقاس عادي | الستايل: سليم | العمر: جميع الفئات العمرية | يمكن طلب بحد أقصى عدد 5 وحدة (وحدات) من هذا المنتج. يحق لترينديول إلغاء الطلبات التي تزيد عن 5 وحدة (وحدات). | يُباع بواسطة  ON LİNE SHOP.,https://www.trendyol.com/ar/u-s-polo-assn/women-s-white-shirt-p-98112696,N/A
https://cdn.dsmcdn.com/mnresize/400/-/ty1348/product/media/images/prod/QC/20240604/00/179575cf-1b35-35fe-ba13-41c09994d73e/1_org_zoom.jpg,"WaterWipes 12 عبوة تحتوي على 720 ورقة مناديل مبللة للأطفال - حساسة، مبكرة، نباتية، حيوية جديدة","158,35
SAR","348,01",4.7,عدد المناديل في العلبة: 720 | نوع البشرة: حساسة | النوع: حديثي الولادة | محتويات العلبة: 12 قطعة | يمكن طلب بحد أقصى عدد 1 وحدة (وحدات) من هذا المنتج. يحق لترينديول إلغاء الطلبات التي تزيد عن 1 وحدة (وحدات). | يُباع بواسطة  WaterWipes.,https://www.trendyol.com/ar/waterwipes/12-pack-720-sheets-baby-wet-wipes-sensitive-premature-vegan-new-bio-p-336092009,N/A
https://cdn.dsmcdn.com/mnresize/400/-/ty1660/prod/QC/20250407/19/4a1e580f-9a62-3f6d-9918-60aaba877f43/1_org_zoom.jpg,"Argivit أقراص أرجيفيت فوكس 30 قرصًا، عبوة من 3 قطع","194,29
SAR","280,00",4.4,النوع: الفيتامينات | الشكل: لوح | محتويات العلبة: 30s. | اروما: مخدومة | عدد العناصر في المجموعة: 3 قطع. | يمكن طلب بحد أقصى عدد 5 وحدة (وحدات) من هذا المنتج. يحق لترينديول إلغاء الطلبات التي تزيد عن 5 وحدة (وحدات). | يُباع بواسطة  EliteSepet.,https://www.trendyol.com/ar/argivit/argivit-focus-tablet-30-tablet-3-pack-p-792837745,N/A
https://cdn.dsmcdn.com/mnresize/400/-/ty1600/prod/QC/20241108/17/8b3e88ab-314a-3831-9bc9-d6d3f20426ba/1_org_zoom.jpg,Cosrx 100 مل خلاصة الحلزون المتقدمة 96 Mucin Power - خلاصة الحلزون المرطبة والمغذية,"42,42
SAR","44,65",4.5,مميزات إضافية: خالٍ من العطور | المحتوى: حمض الهيالورونيك | نوع البشرة: مختلطة | النوع: زجاجة | الكمية: 76—100 مل | الكمية: 100 مل | مضاد علامات التقدم فالعمر: نعم | الشكل: جل,https://www.trendyol.com/ar/cosrx/100ml-advanced-snail-96-mucin-power-essence-moisturizing-and-nourishing-essence-with-snail-essence-p-3184549,Saudi Arabia
https://cdn.dsmcdn.com/mnresize/400/-/ty1658/prod/QC/20250402/20/1373d873-ed27-32ab-9fa1-12c76b8d8c02/1_org_zoom.jpg,Wixsana جهاز المشي ويكسانا,"718,40
SAR","898,00",4.7,اللون: رمادي | نظام التفحص النبضي: لا | مشغل MP3: لا | فاصل السرعة: 0 - 22 كم/ساعة | فاصل السرعة: 0-10 كم/ثانية | قابلية الطي: موجود | سعة الحمل: 120 كغم | نوع العملية: الطاقة الكهربائية | يمكن طلب بحد أقصى عدد 1 وحدة (وحدات) من هذا المنتج. يحق لترينديول إلغاء الطلبات التي تزيد عن 1 وحدة (وحدات). | يشمل سعر البيع على ترينديول بالفعل التكاليف المتعلقة بالتصدير. | يُباع بواسطة  Wixsana Official Store.,https://www.trendyol.com/ar/wixsana/wixana-treadmill-p-877591984,Saudi Arabia
https://cdn.dsmcdn.com/mnresize/400/-/ty291/product/media/images/20220110/13/24348178/355558243/1/1_org_zoom.jpg,Bianco Lucci قميص كتان نسائي بأكمام مطوية مع رسوم توضيحية للغابات,"43,32
SAR","45,60",4.4,اللون: متعدد الألوان | الياقة: ياقة القميص | النمط: زهور | نوع القماش: النسيج | تقنية الطباعة أو التطريز: غير مطبوع | تفاصيل الاستدامة: لا | القصة: مقاس عادي | الخامة: كتان - فيسكوز | يمكن طلب بحد أقصى عدد 5 وحدة (وحدات) من هذا المنتج. يحق لترينديول إلغاء الطلبات التي تزيد عن 5 وحدة (وحدات).,https://www.trendyol.com/ar/bianco-lucci/women-s-sleeve-folded-linen-shirt-with-forest-illustrations-p-219471804,Saudi Arabia
https://cdn.dsmcdn.com/mnresize/400/-/ty1649/prod/QC/20250313/16/829c4cf0-5a75-3536-8337-1dc0918caba2/1_org_zoom.jpg,"Omo مسحوق غسيل أوتوماتيكي، فعال، إزالة البقع حتى 100% في غسلة واحدة*، 9 كجم × 2","110,00
SAR","105,00",4.6,يمكن طلب بحد أقصى عدد 5 وحدة (وحدات) من هذا المنتج. يحق لترينديول إلغاء الطلبات التي تزيد عن 5 وحدة (وحدات). | يشمل سعر البيع على ترينديول بالفعل التكاليف المتعلقة بالتصدير. | يُباع بواسطة  Unilever.,https://www.trendyol.com/ar/omo/automatic-powder-laundry-detergent-active-up-to-100-stain-removal-in-1-wash-9kg-x2-p-917557355,Saudi Arabia
https://cdn.dsmcdn.com/mnresize/400/-/ty913/product/media/images/20230529/8/366969729/65659908/1/1_org_zoom.jpg,Siyah İnci طقم بيجامة نسائي من قطن بأزرار بنقوش الفهد,"56,04
SAR","65,93",4.4,اللون: بني | تفاصيل المنتج: بأزرار | طقم من الأسفل إلى الأعلى: تيشيرت - بنطال | الخامة: قطن | النمط: سادة | محتويات العلبة: قطعتان | مميزات إضافية: غسيل الملابس | القصة: مقاس عادي | يمكن طلب بحد أقصى عدد 5 وحدة (وحدات) من هذا المنتج. يحق لترينديول إلغاء الطلبات التي تزيد عن 5 وحدة (وحدات). | يُباع بواسطة  SİYAHİNCİ.,https://www.trendyol.com/ar/siyah-inci/women-s-leopard-cotton-buttoned-pijama-set-p-36908521,N/A
https://cdn.dsmcdn.com/mnresize/400/-/ty1223/product/media/images/prod/PIM/20240322/18/247d87c7-4eab-4f22-814c-76c219130dca/1_org_zoom.jpg,Trendyol Collection تي شيرت مطبوع عليه شعار قطني - تي شيرت بتفاصيل متباينة TWOSS24TS00105,"18,40
SAR","45,99",4.5,اللون: بيج | القصة: مقاس عادي | نوع النسيج: جيرسي واحد | الموسم: صيف | الشخصية: رائع ومريح | الستايل: بيسك | المناسبة: كاجوال | نوع الكم: كم قياسي | يمكن طلب بحد أقصى عدد 5 وحدة (وحدات) من هذا المنتج. يحق لترينديول إلغاء الطلبات التي تزيد عن 5 وحدة (وحدات).,https://www.trendyol.com/ar/trendyolmilla/cotton-slogan-print-contrast-detail-t-shirt-twoss24ts00105-p-805645359,Saudi Arabia
https://cdn.dsmcdn.com/mnresize/400/-/ty1216/product/media/images/prod/PIM/20240320/18/7cf958e8-12d1-44c6-b638-44441744b871/1_org_zoom.jpg,Trendyol Collection طقم بيجامة شورت وافل بقصة عادية من مينك TMNSS23PT00032,"32,00
SAR","79,99",4.6,اللون: بيج | المجموعة: رمضان | تفاصيل الاستدامة: لا | الستايل: بيسك | الخصر: خصر عادي | طول الساق: قصيرة | طول الكم: قصيرة | الشخصية: رائع ومريح | يمكن طلب بحد أقصى عدد 5 وحدة (وحدات) من هذا المنتج. يحق لترينديول إلغاء الطلبات التي تزيد عن 5 وحدة (وحدات).,https://www.trendyol.com/ar/trendyol-man/mink-regular-fit-waffle-shorts-pajamas-set-tmnss23pt00032-p-800249828,Saudi Arabia
https://cdn.dsmcdn.com/mnresize/400/-/ty695/product/media/images/20230120/14/262187331/617951502/2/2_org_zoom.jpg,Trendyol Collection بنطلون جينز بخصر عالي وبتصميم أرجل واسعة باللون الفحمي TWOSS23JE00068,"70,99
SAR","179,00",4.3,اللون: رمادي | الستايل: أرجل واسعة | نوع القماش: الجينز | المناسبة: كاجوال | العمر: جميع الفئات العمرية | نوع النسيج: جامد | تفاصيل الاستدامة: لا | الشخصية: سمارت/مكتب | يمكن طلب بحد أقصى عدد 5 وحدة (وحدات) من هذا المنتج. يحق لترينديول إلغاء الطلبات التي تزيد عن 5 وحدة (وحدات).,https://www.trendyol.com/ar/trendyolmilla/anthracite-high-waist-wide-leg-jeans-twoss23je00068-p-382757159,Saudi Arabia
https://cdn.dsmcdn.com/mnresize/400/-/ty1262/product/media/images/prod/PIM/20240417/14/378ae86a-ed78-45f9-90c8-fef48d31070d/1_org_zoom.jpg,"Trendyol Collection فستان ماكسي محبوك عرقي - متعدد الألوان، TWOSS24EL00470","21,49
SAR","42,99",4.1,اللون: متعدد الألوان | تفاصيل الاستدامة: لا | نوع الكم: كم قياسي | الجيب: بدون جيوب | الموسم: صيف | العمر: جميع الفئات العمرية | طول الكم: بلا أكمام | الطول: ماكسي | يمكن طلب بحد أقصى عدد 5 وحدة (وحدات) من هذا المنتج. يحق لترينديول إلغاء الطلبات التي تزيد عن 5 وحدة (وحدات).,https://www.trendyol.com/ar/trendyolmilla/ethnic-maxi-knitted-dress-multicolor-twoss24el00470-p-790414140,N/A
https://cdn.dsmcdn.com/mnresize/400/-/ty1661/prod/QC/20250408/14/1aa0b1b5-5cb1-3626-a0ec-4fc23d7e1acc/1_org_zoom.jpg,La Roche Posay غسول جل رغوي منظف للبشرة الدهنية الحساسة - 400 مل من لاروش بوزيه,"67,78
SAR","84,72",4.7,النوع: زجاجة | الشكل: جل | المحتوى: حمض الصفصاف | نوع البشرة: دهنية | الكمية: 400 مل | غرض الاستخدام: الترطيب | مميزات إضافية: مضاد للحساسية,https://www.trendyol.com/ar/la-roche-posay/la-roche-posay-effaclar-foaming-gel-cleanser-for-oily-and-sensitive-skin-400-ml-p-711058,Saudi Arabia
https://cdn.dsmcdn.com/mnresize/400/-/ty1607/prod/QC/20241126/15/4e6784fb-7ea4-34f4-827c-162941109a7e/1_org_zoom.jpg,Bath & Body Works رذاذ عطري فاخر بنكهة جينجهام جورجيوس,"105,00
SAR","100,00",4.7,نوع العطر: منمق | النوع: EDP | الكمية: 75 مل | يمكن طلب بحد أقصى عدد 5 وحدة (وحدات) من هذا المنتج. يحق لترينديول إلغاء الطلبات التي تزيد عن 5 وحدة (وحدات). | يشمل سعر البيع على ترينديول بالفعل التكاليف المتعلقة بالتصدير. | يُباع بواسطة  Bath & Body Works KSA.,https://www.trendyol.com/ar/bath-body-works/gingham-gorgeous-fine-fragrance-mist-p-879227289,Saudi Arabia
https://cdn.dsmcdn.com/mnresize/400/-/ty1663/prod/QC/20250415/12/5ed66a85-276c-39cc-864e-6f8631c3f06d/1_org_zoom.jpg,Dr. Althea 345 كريم تخفيف 50 مل,"51,95
SAR","120,00",4.5,الشكل: كريم | عامل الحماية من أشعة الشمس: بدون حماية | غرض الاستخدام: التلطيف | غرض الاستخدام: مقاومة حب الشباب | المحتوى: نياسيناميد | النوع: أنبوب | الكمية: 50 مل | نوع البشرة: جميع أنواع البشرة,https://www.trendyol.com/ar/dr-althea/345-relief-cream-50ml-p-873238579,Saudi Arabia
https://cdn.dsmcdn.com/mnresize/400/-/ty1605/prod/PLM/20241126/2017928/2028895/2043850/912493db-4fd3-451a-8fdd-8724234d6547/0_org_zoom.jpg,Trendyol Collection إصدار محدود قميص منسوج مخطط باللون الوردي مع تفاصيل طية صدر السترة TWOAW25GO00065,"61,79
SAR","102,99",4.7,اللون: وردي | القصة: مقاس عادي | الطول: قياسي | نوع القماش: النسيج | طول الكم: طويلة | الحزام: بدون حزام | النمط: مخطط | المجموعة: رمضان | يمكن طلب بحد أقصى عدد 5 وحدة (وحدات) من هذا المنتج. يحق لترينديول إلغاء الطلبات التي تزيد عن 5 وحدة (وحدات).,https://www.trendyol.com/ar/trendyolmilla/limited-edition-pink-collar-detail-striped-woven-shirt-twoaw25go00065-p-868521979,United Arab Emirates
https://cdn.dsmcdn.com/mnresize/400/-/ty1514/product/media/images/prod/QC/20240829/14/21c70e80-472e-3661-81cb-e09c7fb88c6e/1_org_zoom.jpg,Slipcat شبشب نسائي من القش المضفر والمزخرف,"46,50
SAR","58,12",4.1,اللون: بيج | النمط: منقوش | المناسبة: للشاطئ | تفاصيل الاستدامة: نعم | المادة الخارجية: قماش | نوع الكعب: مسطح | مميزات إضافية: نعل لتقويم العظام | حجم الكعب: كعب قصير (1–4 سم) | يمكن طلب بحد أقصى عدد 5 وحدة (وحدات) من هذا المنتج. يحق لترينديول إلغاء الطلبات التي تزيد عن 5 وحدة (وحدات).,https://www.trendyol.com/ar/slipcat/women-s-braided-patterned-straw-slippers-p-645555720,Saudi Arabia
https://cdn.dsmcdn.com/mnresize/400/-/ty1627/prod/QC/20250122/11/00eccec1-57f7-34e2-96df-c19752c2cb09/1_org_zoom.jpg,Lilabio بدلة أطفال رياضية بيضاء مكونة من 5 قطع - 100% قطن عضوي,"61,11
SAR","83,28",4.8,اللون: أبيض | المناسبة: ملابس نوم | نوع الكم: كم قصير | نوع القماش: غير محدد | الطول: قياسي | الستايل: بيسك | تفاصيل الاستدامة: عضوي | الخامة: قطن عضوي 100% | يمكن طلب بحد أقصى عدد 5 وحدة (وحدات) من هذا المنتج. يحق لترينديول إلغاء الطلبات التي تزيد عن 5 وحدة (وحدات). | يُباع بواسطة  Lilabio.,https://www.trendyol.com/ar/lilabio/5-piece-white-athlete-baby-bodysuit-100-organic-cotton-p-734410139,N/A
https://cdn.dsmcdn.com/mnresize/400/-/ty1629/prod/QC/20250129/13/555e7e0e-0330-33ae-856f-741c2a3f334c/1_org_zoom.jpg,QOD شامبو وبلسم ألفا هير,"72,00
SAR","90,00",4.9,الكمية: 300 مل | التأثير: تغذية/إصلاح | نوع الشعر: لجميع أنواع الشعر | يمكن طلب بحد أقصى عدد 5 وحدة (وحدات) من هذا المنتج. يحق لترينديول إلغاء الطلبات التي تزيد عن 5 وحدة (وحدات). | يشمل سعر البيع على ترينديول بالفعل التكاليف المتعلقة بالتصدير. | يُباع بواسطة  Naqaa Al-Haya Est..,https://www.trendyol.com/ar/qod/alpha-hair-shampoo-and-conditioner-p-896273632,Saudi Arabia
https://cdn.dsmcdn.com/mnresize/400/-/ty1579/product/media/images/prod/PIM/20241007/08/1082281b-2410-4349-be69-c1c2ddcea4e7/1_org_zoom.jpg,Skechers حذاء أبيض للجري والتدريب للنساء والفتيات,"136,91
SAR","161,07",4.9,اللون: أبيض | المادة الخارجية: قماش | حجم الكعب: كعب قصير (1–4 سم) | نوع الإغلاق: أربطة | يمكن طلب بحد أقصى عدد 5 وحدة (وحدات) من هذا المنتج. يحق لترينديول إلغاء الطلبات التي تزيد عن 5 وحدة (وحدات).,https://www.trendyol.com/ar/skechers/white-running-and-training-shoes-for-women-and-girls-p-845141194,United Arab Emirates
https://cdn.dsmcdn.com/mnresize/400/-/ty1656/prod/QC/20250401/02/e0ab4c23-47d4-3dbb-81fb-dd1b0817c4e0/1_org_zoom.jpg,AXIS-Y سيروم تصحيح البقع الداكنة,"39,00
SAR","76,00",4.6,غرض الاستخدام: العناية المضادة للشوائب | مميزات إضافية: نباتي | المحتوى: نياسيناميد | نوع البشرة: جميع أنواع البشرة | النوع: زجاجة | الكمية: 50 مل | عامل الحماية من أشعة الشمس: بدون حماية | مضاد علامات التقدم فالعمر: لا,https://www.trendyol.com/ar/axis-y/dark-spot-correcting-glow-serum-p-77726497,Saudi Arabia
https://cdn.dsmcdn.com/mnresize/400/-/ty1597/prod/QC/20241104/22/36ae584c-739a-3692-a828-2e05c2301625/1_org_zoom.jpg,HOBBY HOUSE مطبخ إليزيا الخشبي المطلي,"245,87
SAR","258,81",4.5,اللون: وردي | حزمة متعددة: أكثر من 1 | العمر: أكثر من سنة | يمكن طلب بحد أقصى عدد 1 وحدة (وحدات) من هذا المنتج. يحق لترينديول إلغاء الطلبات التي تزيد عن 1 وحدة (وحدات).,https://www.trendyol.com/ar/hobby-house/elizya-wood-painted-kitchen-p-230665037,United Arab Emirates
https://cdn.dsmcdn.com/mnresize/400/-/ty1646/prod/QC/20250302/15/c7274a0a-e900-313c-9481-4f6052e78ed4/1_org_zoom.jpg,Keywest تي شيرت مطبوع عليه I'm Ok للجنسين مقاس كبير 100% قطن,"64,31
SAR","67,69",3.7,اللون: أخضر | الخامة: قطن 100% | الجوانب الفنية: نقل الطباعة | المجموعة: للجنسين | المناسبة: كاجوال | الموسم: صيف | طول الكم: قصيرة | الجيب: بدون جيوب | يمكن طلب بحد أقصى عدد 5 وحدة (وحدات) من هذا المنتج. يحق لترينديول إلغاء الطلبات التي تزيد عن 5 وحدة (وحدات). | يُباع بواسطة  MACHETTA.,https://www.trendyol.com/ar/keywest/unisex-i-m-ok-printed-oversize-100-cotton-t-shirt-p-903526604,N/A
https://cdn.dsmcdn.com/mnresize/400/-/ty1640/prod/QC/20250219/12/685f33b6-756c-363b-8573-2cd82db7af99/1_org_zoom.jpg,Home Box جهاز تجفيف السلطة فيجا سعة 3 لتر,"19,00
SAR","151,68",4.7,يمكن طلب بحد أقصى عدد 5 وحدة (وحدات) من هذا المنتج. يحق لترينديول إلغاء الطلبات التي تزيد عن 5 وحدة (وحدات). | يشمل سعر البيع على ترينديول بالفعل التكاليف المتعلقة بالتصدير. | يُباع بواسطة  Home Box KSA.,https://www.trendyol.com/ar/home-box/vega-salad-spinner-3-l-p-900569750,Saudi Arabia
https://cdn.dsmcdn.com/mnresize/400/-/ty1626/prod/QC/20250123/13/8e803939-6897-3321-835b-3ab2a3642a15/1_org_zoom.jpg,"DOPPİO ماكينة صنع القهوة اليدوية V60 Premium Pour Over من DOPPIO، 12 قطعة، مع مجموعة مطحنة يدوية وقطر","159,20
SAR","199,00",4.8,الخامة: الزجاج | الكمية: 600 مل | يمكن طلب بحد أقصى عدد 5 وحدة (وحدات) من هذا المنتج. يحق لترينديول إلغاء الطلبات التي تزيد عن 5 وحدة (وحدات). | يشمل سعر البيع على ترينديول بالفعل التكاليف المتعلقة بالتصدير. | يُباع بواسطة  coffeetools.9897.,https://www.trendyol.com/ar/doppio/doppio-12-pcs-v60-premium-pour-over-manual-coffee-maker-with-manual-grinder-dripper-set-p-894480756,Saudi Arabia
https://cdn.dsmcdn.com/mnresize/400/-/ty1221/product/media/images/prod/PIM/20240322/18/b532a4b9-f026-42e0-ab4d-a330e4764ff3/1_org_zoom.jpg,Trendyol Collection تي شيرت محبوك باللون الرمادي الفاتح TWOSS24TS00200,"36,54
SAR","42,99",4.5,اللون: رمادي | الياقة: ياقة دائرية | الشخصية: رائع ومريح | المجموعة: رمضان | مميزات إضافية: غسيل الملابس | طول الكم: قصيرة | النمط: جالاكسي | القصة: فضفاض | يمكن طلب بحد أقصى عدد 5 وحدة (وحدات) من هذا المنتج. يحق لترينديول إلغاء الطلبات التي تزيد عن 5 وحدة (وحدات).,https://www.trendyol.com/ar/trendyolmilla/light-gray-knitted-t-shirt-twoss24ts00200-p-806282510,N/A
https://cdn.dsmcdn.com/mnresize/400/-/ty972/product/media/images/20230727/23/397424004/958620896/4/4_org_zoom.jpg,Trendyol Collection جينز أزرق داكن عالي الخصر بأرجل واسعة TWOAW24JE00074,"55,24
SAR","84,99",4.3,اللون: أزرق | النمط: سادة | الموسم: جميع الفصول | المناسبة: كاجوال | الخصر: خصر عالي | الشخصية: رائع ومريح | القصة: أرجل واسعة | قصة الساق: أرجل واسعة | يمكن طلب بحد أقصى عدد 5 وحدة (وحدات) من هذا المنتج. يحق لترينديول إلغاء الطلبات التي تزيد عن 5 وحدة (وحدات).,https://www.trendyol.com/ar/trendyolmilla/dark-blue-high-waist-wide-leg-jeans-twoaw24je00074-p-729116297,Saudi Arabia
https://cdn.dsmcdn.com/mnresize/400/-/ty1142/product/media/images/prod/PIM/20240119/18/83ff33fc-6f7a-4c91-a80f-c4964bf1b93c/1_org_zoom.jpg,Trendyol Collection تي شيرت رمادي برقبة دائرية 100% قطن كبير الحجم - طباعة بسيطة TMNSS23TS00084,"25,59
SAR","31,99",4,اللون: رمادي | النمط: الشعار | القصة: فضفاض | المناسبة: كاجوال | نوع النسيج: قميص جيرسيه مفرد من القطن الممشط 20/1 | طول الكم: قصيرة | المجموعة: رمضان | الياقة: ياقة دائرية | يمكن طلب بحد أقصى عدد 5 وحدة (وحدات) من هذا المنتج. يحق لترينديول إلغاء الطلبات التي تزيد عن 5 وحدة (وحدات).,https://www.trendyol.com/ar/trendyol-man/gray-crew-neck-100-cotton-oversize-t-shirt-minimal-print-tmnss23ts00084-p-771240562,Saudi Arabia
https://cdn.dsmcdn.com/mnresize/400/-/ty721/product/media/images/20230207/17/277005365/852614183/1/1_org_zoom.jpg,Siyah İnci طقم بيجامة قطنية بأكمام قصيرة باللون الأحمر,"39,39
SAR","46,34",4.3,اللون: أحمر | الستايل: بيسك | محتويات العلبة: قطعتان | النمط: قلب | المناسبة: كاجوال | الخامة: قطن 100% | نوع المنتج: مستقيم | نوع القماش: النسيج | يمكن طلب بحد أقصى عدد 5 وحدة (وحدات) من هذا المنتج. يحق لترينديول إلغاء الطلبات التي تزيد عن 5 وحدة (وحدات). | يُباع بواسطة  SİYAHİNCİ.,https://www.trendyol.com/ar/siyah-inci/red-short-sleeve-cotton-buttoned-pajamas-set-p-645581833,N/A
https://cdn.dsmcdn.com/mnresize/400/-/ty1122/product/media/images/prod/PIM/20240105/18/660963cd-b2a0-46e9-889b-bd3baa6782d0/1_org_zoom.jpg,TRENDYOL MODEST فستان منسوج متعدد الألوان من الكتان المزخرف بنقشة الزهور مع تفاصيل حزام TCTSS24EB00042,"44,00
SAR","109,99",4.2,اللون: متعدد الألوان | نوع القماش: النسيج | العمر: جميع الفئات العمرية | المجموعة: رمضان | الياقة: ياقة ماندرين | القصة: مقاس عادي | الستايل: قصة بتصميم حرف A | تفاصيل المنتج: بحزام | يمكن طلب بحد أقصى عدد 5 وحدة (وحدات) من هذا المنتج. يحق لترينديول إلغاء الطلبات التي تزيد عن 5 وحدة (وحدات).,https://www.trendyol.com/ar/trendyol-modest/multicolored-floral-patterned-linen-look-woven-dress-with-belt-detail-tctss24eb00042-p-773525355,Saudi Arabia
https://cdn.dsmcdn.com/mnresize/400/-/ty1643/prod/QC/20250227/11/c0377d70-2eff-3b10-b844-fe46c2a86d03/1_org_zoom.jpg,"Omo مسحوق غسيل نصف أوتوماتيكي، فعال، إزالة البقع بنسبة تصل إلى 100% في غسلة واحدة* 9 كجم","55,00
SAR","105,00",4.7,يمكن طلب بحد أقصى عدد 5 وحدة (وحدات) من هذا المنتج. يحق لترينديول إلغاء الطلبات التي تزيد عن 5 وحدة (وحدات). | يشمل سعر البيع على ترينديول بالفعل التكاليف المتعلقة بالتصدير. | يُباع بواسطة  Unilever.,https://www.trendyol.com/ar/omo/semi-automatic-powder-laundry-detergent-active-up-to-100-stain-removal-in-1-wash-9kg-p-902669455,Saudi Arabia
https://cdn.dsmcdn.com/mnresize/400/-/ty915/product/media/images/20230529/17/370302714/241348074/2/2_org_zoom.jpg,Happiness İstanbul قميص أساسي طويل كبير الحجم باللون الليلكي الفاتح للسيدات DD00842,"37,62
SAR","39,60",4.4,اللون: أرجواني | النمط: سادة | الطول: طويل | الموسم: جميع الفصول | طول الكم: طويلة | العمر: جميع الفئات العمرية | الستايل: بيسك | الحزام: بدون حزام | يمكن طلب بحد أقصى عدد 5 وحدة (وحدات) من هذا المنتج. يحق لترينديول إلغاء الطلبات التي تزيد عن 5 وحدة (وحدات).,https://www.trendyol.com/ar/happiness-istanbul/women-s-light-lilac-oversize-long-basic-shirt-dd00842-p-142684328,Saudi Arabia
https://cdn.dsmcdn.com/mnresize/400/-/ty766/product/media/images/20230307/16/298491525/879878711/1/1_org_zoom.jpg,Bianco Lucci قميص نسائي متعدد الأنماط كبير الحجم,"53,20
SAR","81,85",4.3,اللون: أرجواني | النمط: بيزلي | تقنية الطباعة أو التطريز: غير مطبوع | نوع الكم: كم قياسي | الطول: عادي | طول الكم: طويلة | الحزام: بدون حزام | الياقة: ياقة القميص | يمكن طلب بحد أقصى عدد 5 وحدة (وحدات) من هذا المنتج. يحق لترينديول إلغاء الطلبات التي تزيد عن 5 وحدة (وحدات).,https://www.trendyol.com/ar/bianco-lucci/women-s-multi-patterned-oversize-shirt-p-665016486,Saudi Arabia
https://cdn.dsmcdn.com/mnresize/400/-/ty1658/prod/QC/20250402/05/37d9367d-7559-3885-9746-2a39229590ea/1_org_zoom.jpg,The Ordinary تونر مقشر بحمض الجليكوليك 7%,"46,00
SAR","102,00",4.3,نوع البشرة: جميع أنواع البشرة | النوع: زجاجة | مميزات إضافية: خالٍ من الكحول | الكمية: 240 مل | الكمية: 151-250 مل | غرض الاستخدام: إبراز الملامح | غرض الاستخدام: الترميم | المحتوى: حمض الجليكوليك,https://www.trendyol.com/ar/the-ordinary/glycolic-acid-7-exfoliating-toner-p-6716161,Saudi Arabia
https://cdn.dsmcdn.com/mnresize/400/-/ty1519/product/media/images/prod/QC/20240902/10/c726e114-a802-347f-8262-0877886d1ec9/1_org_zoom.jpg,Molped فوط ليلية نقية وناعمة اقتصادية للغاية 16 قطعة × 4 قطع,"63,41
SAR","90,58",4.7,ميزة: نايت اكسترا | ميزة: عادية | مميزات إضافية: عضوي | يمكن طلب بحد أقصى عدد 5 وحدة (وحدات) من هذا المنتج. يحق لترينديول إلغاء الطلبات التي تزيد عن 5 وحدة (وحدات). | يُباع بواسطة  KARGOLANDI.,https://www.trendyol.com/ar/molped/pure-soft-night-super-economical-pad-16-pieces-x-4-pieces-p-397649821,N/A
https://cdn.dsmcdn.com/mnresize/400/-/ty376/product/media/images/20220329/23/78455215/193430276/1/1_org_zoom.jpg,AC&Co / Altınyıldız Classics مجموعة من 3 بوكسرات مرنة من القطن منقوشة باللونين الأزرق الداكن والرمادي للرجال,"46,56
SAR","49,01",4.6,اللون: أزرق داكن | المناسبة: كاجوال | الخامة: قطن - إيلاستان | تفاصيل الاستدامة: لا | نوع المنتج: مستقيم | الخصر: خصر عادي | نوع القماش: النسيج | القصة: شورتات بوكسر | يمكن طلب بحد أقصى عدد 5 وحدة (وحدات) من هذا المنتج. يحق لترينديول إلغاء الطلبات التي تزيد عن 5 وحدة (وحدات).,https://www.trendyol.com/ar/ac-co-altinyildiz-classics/men-s-navy-blue-gray-pack-of-3-patterned-cotton-flexible-boxers-p-120093767,N/A
https://cdn.dsmcdn.com/mnresize/400/-/ty1327/product/media/images/prod/PIM/20240524/14/77efdbbe-d9ee-48f8-86dc-47eb0284acd5/1_org_zoom.jpg,Trendyol Collection قميص أبيض منسوج من القطن بجيب واحد/قميص واسع مقاس TWOAW20GO0115,"38,69
SAR","42,99",4.3,اللون: أبيض | العمر: جميع الفئات العمرية | الستايل: بيسك | تفاصيل الاستدامة: لا | محتويات العلبة: قطعة واحدة | المناسبة: كاجوال | تفاصيل المنتج: مفصل الجيب | المجموعة: رمضان | يمكن طلب بحد أقصى عدد 5 وحدة (وحدات) من هذا المنتج. يحق لترينديول إلغاء الطلبات التي تزيد عن 5 وحدة (وحدات).,https://www.trendyol.com/ar/trendyolmilla/white-single-pocket-boyfriend-wide-fit-cotton-woven-shirt-twoaw20go0115-p-7586571,Saudi Arabia
https://cdn.dsmcdn.com/mnresize/400/-/ty1135/product/media/images/prod/PIM/20240115/12/70885d56-ec60-4f20-9c9c-5b156e380162/1_org_zoom.jpg,Trendyol Collection قميص عادي مطرز بالزهور الخضراء مع تفاصيل مطرزة TWOSS23GO00152,"29,25
SAR","64,99",4.5,اللون: أخضر | الجيب: بدون جيوب | تفاصيل الاستدامة: لا | تقنية الطباعة أو التطريز: غير مطبوع | النمط: استوائي | المجموعة: رمضان | العمر: جميع الفئات العمرية | طول الكم: طويلة | يمكن طلب بحد أقصى عدد 5 وحدة (وحدات) من هذا المنتج. يحق لترينديول إلغاء الطلبات التي تزيد عن 5 وحدة (وحدات).,https://www.trendyol.com/ar/trendyolmilla/green-floral-embroidery-embroidery-detailed-regular-shirt-twoss23go00152-p-772798589,Saudi Arabia
https://cdn.dsmcdn.com/mnresize/400/-/ty949/product/media/images/20230612/13/385007856/80490993/2/2_org_zoom.jpg,Trendyol Collection بنطال أسود عالي الخصر بأرجل واسعة/أرجل واسعة من القماش المنسوج بطيات TWOAW21PL0076,"44,99
SAR","137,00",4.3,اللون: أسود | المجموعة: رمضان | الشخصية: سمارت/مكتب | الستايل: أرجل واسعة | الطول: طويل | البطانة: غير مبطن | الحزام: بدون حزام | قصة الساق: أرجل واسعة | يمكن طلب بحد أقصى عدد 5 وحدة (وحدات) من هذا المنتج. يحق لترينديول إلغاء الطلبات التي تزيد عن 5 وحدة (وحدات).,https://www.trendyol.com/ar/trendyolmilla/black-high-waist-wide-leg-wide-leg-pleated-woven-fabric-pants-twoaw21pl0076-p-45642883,Saudi Arabia
https://cdn.dsmcdn.com/mnresize/400/-/ty1659/prod/QC/20250408/11/814d3216-3162-3e9d-a211-f043e1292831/1_org_zoom.jpg,Omo جيف + كومفورت + أومو 9 كجم أوتوماتيك,"84,00
SAR","156,65",4.8,يمكن طلب بحد أقصى عدد 5 وحدة (وحدات) من هذا المنتج. يحق لترينديول إلغاء الطلبات التي تزيد عن 5 وحدة (وحدات). | يشمل سعر البيع على ترينديول بالفعل التكاليف المتعلقة بالتصدير. | يُباع بواسطة  Unilever.,https://www.trendyol.com/ar/omo/jiff-comfort-omo-9kg-automatic-p-925703208,Saudi Arabia
https://cdn.dsmcdn.com/mnresize/400/-/ty1647/prod/QC/20250312/11/e3595b1a-a1f5-32a6-861e-acc430dcb20f/1_org_zoom.jpg,BELLA NOTTE طقم بيجامة موسمية بفيونكة قطنية وردية,"48,22
SAR","68,89",4.7,اللون: وردي | الموسم: جميع الفصول | الستايل: عادي | قصة الساق: قصة عادية | حزمة متعددة: مجموعة من قطعتين | المجموعة: ملابس نوم | الخامة: قطن | محتويات العلبة: قطعة واحدة | يمكن طلب بحد أقصى عدد 5 وحدة (وحدات) من هذا المنتج. يحق لترينديول إلغاء الطلبات التي تزيد عن 5 وحدة (وحدات).,https://www.trendyol.com/ar/bella-notte/pink-cotton-bow-detailed-seasonal-pajama-set-p-906419851,Saudi Arabia
https://cdn.dsmcdn.com/mnresize/400/-/ty1642/prod/QC/20250227/11/bd9f39d7-8c28-32f2-9a7a-865dded9377c/1_org_zoom.jpg,"Omo مسحوق غسيل أوتوماتيكي، فعال، إزالة البقع بنسبة تصل إلى 100% في غسلة واحدة*، 9 كجم","55,00
SAR","105,00",4.8,يمكن طلب بحد أقصى عدد 5 وحدة (وحدات) من هذا المنتج. يحق لترينديول إلغاء الطلبات التي تزيد عن 5 وحدة (وحدات). | يشمل سعر البيع على ترينديول بالفعل التكاليف المتعلقة بالتصدير. | يُباع بواسطة  Unilever.,https://www.trendyol.com/ar/omo/automatic-powder-laundry-detergent-active-up-to-100-stain-removal-in-1-wash-9kg-p-902669184,Saudi Arabia
https://cdn.dsmcdn.com/mnresize/400/-/ty1165/product/media/images/prod/PIM/20240209/14/df40acce-17d6-4177-af23-078c015f41d1/1_org_zoom.jpg,"TRENDYOL MODEST طقم سترة وبنطلون من القماش المنسوج بتفاصيل كاكي، TCTSS24US00035","59,40
SAR","131,99",4.3,اللون: كاكي | الخصر: 59 | الشخصية: سمارت/مكتب | الموسم: جميع الفصول | الخامة: مزيج البوليستر | النمط: سادة | تفاصيل المنتج: مشبك | قصة الساق: أرجل مستقيمة | يمكن طلب بحد أقصى عدد 5 وحدة (وحدات) من هذا المنتج. يحق لترينديول إلغاء الطلبات التي تزيد عن 5 وحدة (وحدات).,https://www.trendyol.com/ar/trendyol-modest/khaki-accessory-detailed-woven-fabric-vest-trousers-top-and-bottom-set-tctss24us00035-p-790420309,Saudi Arabia
https://cdn.dsmcdn.com/mnresize/400/-/ty699/product/media/images/20230124/16/264668286/589850198/3/3_org_zoom.jpg,Trendyol Collection طقم بيجامة محبوكة مخططة باللون الأزرق الفاتح وعصابة رأس للنوم - THMSS21PT1225,"41,29
SAR","58,99",4.3,اللون: أزرق | قصة الساق: أرجل مستقيمة | الخصر: خصر عادي | طول الساق: طويلة | الستايل: بيسك | الطول: قياسي | الخامة: قطن | النمط: مخطط | يمكن طلب بحد أقصى عدد 5 وحدة (وحدات) من هذا المنتج. يحق لترينديول إلغاء الطلبات التي تزيد عن 5 وحدة (وحدات).,https://www.trendyol.com/ar/trendyolmilla/light-blue-striped-knitted-pajama-set-and-sleeping-headband-thmss21pt1225-p-363718319,Saudi Arabia
https://cdn.dsmcdn.com/mnresize/400/-/ty1155/product/media/images/prod/PIM/20240202/06/595b5bf2-01fe-4033-980b-a9e200e14637/1_org_zoom.jpg,Trendyol Collection تنورة طويلة محبوكة مرنة بطيات حجرية TWOSS24ET00041,"24,79
SAR","30,99",3.9,اللون: بيج | نوع القماش: محبوك | الخصر: خصر عادي | المجموعة: رمضان | الستايل: تنورة واسعة | النمط: سادة | الشخصية: رائع ومريح | الطول: ماكسي | يمكن طلب بحد أقصى عدد 5 وحدة (وحدات) من هذا المنتج. يحق لترينديول إلغاء الطلبات التي تزيد عن 5 وحدة (وحدات).,https://www.trendyol.com/ar/trendyolmilla/stone-pleated-maxi-stretchy-knitted-skirt-twoss24et00041-p-797259019,N/A
https://cdn.dsmcdn.com/mnresize/400/-/ty746/product/media/images/20230224/15/288537334/588784740/2/2_org_zoom.jpg,Trendyol Collection طقم بيجامة محبوكة بطبعات مكشكشة باللون الأزرق THMSS22PT0422,"40,99
SAR","135,00",4.4,اللون: أزرق | المجموعة: ملابس منزلية | طقم من الأسفل إلى الأعلى: تيشيرت قصير | المناسبة: ملابس نوم | الشخصية: رائع ومريح | نوع المنتج: جرافيك | تفاصيل المنتج: مكشكش | الخصر: خصر عادي | يمكن طلب بحد أقصى عدد 5 وحدة (وحدات) من هذا المنتج. يحق لترينديول إلغاء الطلبات التي تزيد عن 5 وحدة (وحدات).,https://www.trendyol.com/ar/trendyolmilla/blue-frilly-printed-shorts-knitted-pajamas-set-thmss22pt0422-p-363046974,Saudi Arabia
https://cdn.dsmcdn.com/mnresize/400/-/ty1178/product/media/images/prod/PIM/20240220/14/3a23be68-3f56-479a-a0b8-0d0079dced1c/1_org_zoom.jpg,Trendyol Collection طقم بيجامة فيسكوز منقط أصفر وملون مع حزام حبل - تفاصيل مكشكشة THMSS24PT00124,"21,15
SAR","46,99",4.5,اللون: متعدد الألوان | نوع النسيج: شالي | طقم من الأسفل إلى الأعلى: قميص داخلي - شورت | قصة الساق: أرجل مستقيمة | الطول: قياسي | الستايل: بيسك | الموسم: صيف | نوع القماش: النسيج | يمكن طلب بحد أقصى عدد 5 وحدة (وحدات) من هذا المنتج. يحق لترينديول إلغاء الطلبات التي تزيد عن 5 وحدة (وحدات).,https://www.trendyol.com/ar/trendyolmilla/yellow-and-colorful-polka-dot-viscose-pajamas-set-with-rope-straps-ruffle-detail-thmss24pt00124-p-791634243,N/A
https://cdn.dsmcdn.com/mnresize/400/-/ty1237/product/media/images/prod/PIM/20240402/12/57133905-12e2-4b61-bc60-9a459fa3bb65/1_org_zoom.jpg,"Trendyol Collection تي شيرت وافل مريح - أكمام قصيرة، جيوب، ملصق TMNSS23TS00077","53,99
SAR","93,00",4.5,اللون: أخضر | الياقة: ياقة دائرية | طول الكم: قصيرة | النمط: منقوش | نوع النسيج: وافل | الخامة: قطن | تفاصيل الاستدامة: لا | الشخصية: رائع ومريح | يمكن طلب بحد أقصى عدد 5 وحدة (وحدات) من هذا المنتج. يحق لترينديول إلغاء الطلبات التي تزيد عن 5 وحدة (وحدات).,https://www.trendyol.com/ar/trendyol-man/relaxed-fit-texture-waffle-t-shirt-short-sleeve-pocket-label-tmnss23ts00077-p-813746227,N/A
https://cdn.dsmcdn.com/mnresize/400/-/ty1577/product/media/images/prod/PIM/20241001/11/17ebf5b0-01df-4045-b846-77a3eaaa699e/1_org_zoom.jpg,Trendyol Collection بنطال بطيات عالي الخصر وواسع الساق - TWOAW21PL0076,"28,79
SAR","47,99",4.1,اللون: أبيض | الخصر: خصر عادي | الخامة: أخرى | العمر: جميع الفئات العمرية | قصة الساق: أرجل واسعة | نوع النسيج: بولي فيسكوز | الحزام: بدون حزام | نوع القماش: النسيج | يمكن طلب بحد أقصى عدد 5 وحدة (وحدات) من هذا المنتج. يحق لترينديول إلغاء الطلبات التي تزيد عن 5 وحدة (وحدات).,https://www.trendyol.com/ar/trendyolmilla/high-waist-wide-leg-ecru-pleated-pants-twoaw21pl0076-p-775353005,Saudi Arabia
https://cdn.dsmcdn.com/mnresize/400/-/ty660/product/media/images/20221223/17/244779730/343861581/2/2_org_zoom.jpg,Trendyol Collection تي شيرت محبوك بياقة عالية من القطن 100% باللون البيج والمينك TWOSS20TS1500,"40,99
SAR","148,00",4.6,اللون: بيج | المجموعة: رمضان | الياقة: ياقة واقفة | طول الكم: قصيرة | نوع النسيج: جيرسي واحد | الشخصية: رائع ومريح | الستايل: بيسك | محتويات العلبة: قطعتان | يمكن طلب بحد أقصى عدد 5 وحدة (وحدات) من هذا المنتج. يحق لترينديول إلغاء الطلبات التي تزيد عن 5 وحدة (وحدات).,https://www.trendyol.com/ar/trendyolmilla/beige-mink-2-pack-100-cotton-basic-high-collar-knitted-t-shirt-twoss20ts1500-p-211621490,Saudi Arabia
https://cdn.dsmcdn.com/mnresize/400/-/ty1632/prod/QC/20250207/16/a66205e9-4395-3e42-8d94-5f14b3760b94/1_org_zoom.jpg,adidas حذاء الجري Runfalcon 5,"194,70
SAR","347,12",4.6,اللون: أسود | نوع الكعب: مسطح | المجموعة: بيسكس | النمط: سادة | نوع القماش: النسيج | تفاصيل الاستدامة: لا | مادة النعل الداخلي: قماش | نوع الإغلاق: أربطة | يمكن طلب بحد أقصى عدد 3 وحدة (وحدات) من هذا المنتج. يحق لترينديول إلغاء الطلبات التي تزيد عن 3 وحدة (وحدات).,https://www.trendyol.com/ar/adidas/runfalcon-5-running-shoes-p-887265332,N/A
https://cdn.dsmcdn.com/mnresize/400/-/ty1511/product/media/images/prod/PIM/20240828/16/0e57c407-c7a9-4be0-b350-af735f2f7072/1_org_zoom.jpg,Trendyol Collection طقم بيجامة محبوكة من القطن بنسبة 100% باللون الأرجواني THMAW25PT00187,"30,24
SAR","54,99",4.4,اللون: أرجواني | الطول: قياسي | نوع القماش: محبوك | قصة الساق: أرجل مستقيمة | طول الكم: طويلة | الجوانب الفنية: تكرار الطباعة | المجموعة: رمضان | طقم من الأسفل إلى الأعلى: تيشيرت - بنطال | يمكن طلب بحد أقصى عدد 5 وحدة (وحدات) من هذا المنتج. يحق لترينديول إلغاء الطلبات التي تزيد عن 5 وحدة (وحدات).,https://www.trendyol.com/ar/trendyolmilla/lilac-100-cotton-floral-knitted-pajamas-set-thmaw25pt00187-p-846487078,N/A
https://cdn.dsmcdn.com/mnresize/400/-/ty1627/prod/QC/20250120/16/9aa61a72-9b02-3575-a14f-bcbfb8177c44/1_org_zoom.jpg,"BabyJoy فوطة ماسية مضغوطة، مقاس 4، كبير، 10-18 كجم، صندوق جامبو، 96 حفاضة","118,26
SAR","182,34",4.9,حجم القماش: 4 | النوع: حفاضات بشريط | عدد المناديل المبللة في العلبة: 96 | يمكن طلب بحد أقصى عدد 5 وحدة (وحدات) من هذا المنتج. يحق لترينديول إلغاء الطلبات التي تزيد عن 5 وحدة (وحدات). | يشمل سعر البيع على ترينديول بالفعل التكاليف المتعلقة بالتصدير. | يُباع بواسطة  Camel.,https://www.trendyol.com/ar/babyjoy/compressed-diamond-pad-size-4-large-10-18-kg-jumbo-box-96-diapers-p-893333680,Saudi Arabia
https://cdn.dsmcdn.com/mnresize/400/-/ty1636/prod/PLM/20250214/2018925/2020919/2032883/ca44d355-bdc8-4a7e-8224-226de480853f/1_org_zoom.jpg,Trendyol Collection بلوزة قصيرة محبوكة بقصة مريحة من إكرو - تفاصيل منسوجة TWOSS25BZ00365,"54,99
SAR","85,00",4.5,اللون: إيكرو | نوع القماش: محبوك | الشخصية: رائع ومريح | الستايل: بيسك | المناسبة: كاجوال | الطول: قصير | طول الكم: قصيرة | تفاصيل المنتج: منسوجة مفصلة | يمكن طلب بحد أقصى عدد 5 وحدة (وحدات) من هذا المنتج. يحق لترينديول إلغاء الطلبات التي تزيد عن 5 وحدة (وحدات).,https://www.trendyol.com/ar/trendyolmilla/ecru-knitted-crop-blouse-with-comfortable-fit-woven-detail-twoss25bz00365-p-885825084,United Arab Emirates
https://cdn.dsmcdn.com/mnresize/400/-/ty1198/product/media/images/prod/PIM/20240307/18/505a1690-bfab-4044-a22c-d22137a38560/1_org_zoom.jpg,Trendyol Collection طقم كيمونو وبنطلون بنقش نيلي - TWOSS24AU00083,"32,39
SAR","53,99",4.4,اللون: أزرق | الطول: عادي | القصة: فضفاض | نوع الكم: كتف مكشوف | العمر: جميع الفئات العمرية | الشخصية: رائع ومريح | المجموعة: رمضان | نوع النسيج: شالي | يمكن طلب بحد أقصى عدد 5 وحدة (وحدات) من هذا المنتج. يحق لترينديول إلغاء الطلبات التي تزيد عن 5 وحدة (وحدات).,https://www.trendyol.com/ar/trendyolmilla/indigo-patterned-kimono-and-trousers-set-twoss24au00083-p-808999488,Saudi Arabia
https://cdn.dsmcdn.com/mnresize/400/-/ty1195/product/media/images/prod/PIM/20240305/08/48f201a8-75d1-46ba-b089-676c9802e114/1_org_zoom.jpg,Trendyol Collection فستان مستقيم محبوك أنثراسايت - TWOSS24EL00126,"24,80
SAR","61,99",4.5,اللون: رمادي | نوع النسيج: قميص جيرسيه مفرد من القطن الممشط 20/1 | الجيب: بدون جيوب | المجموعة: رمضان | الحزام: بدون حزام | الموسم: صيف | نوع الكم: كم مكشكش | الخامة: قطن 100% | يمكن طلب بحد أقصى عدد 5 وحدة (وحدات) من هذا المنتج. يحق لترينديول إلغاء الطلبات التي تزيد عن 5 وحدة (وحدات).,https://www.trendyol.com/ar/trendyolmilla/anthracite-knitted-straight-dress-twoss24el00126-p-783878797,Saudi Arabia
https://cdn.dsmcdn.com/mnresize/400/-/ty1642/prod/PLM/20250227/2018925/2020919/2045844/03d9d308-3865-4678-874d-3493fa940106/0_org_zoom.jpg,Trendyol Collection طقم بيجامة قطنية بشعار Dusty Rose THMSS25PT00378,"51,74
SAR","68,99",4.7,اللون: أرجواني | نوع الكم: كم قياسي | قصة الساق: أرجل مستقيمة | طول الكم: قصيرة | نوع القماش: محبوك | نوع النسيج: جيرسي واحد | القصة: مقاس عادي | طقم من الأسفل إلى الأعلى: تي شيرت تي شيرت عداء | يمكن طلب بحد أقصى عدد 5 وحدة (وحدات) من هذا المنتج. يحق لترينديول إلغاء الطلبات التي تزيد عن 5 وحدة (وحدات).,https://www.trendyol.com/ar/trendyolmilla/cotton-dusty-rose-slogan-pajamas-set-thmss25pt00378-p-896521660,N/A
https://cdn.dsmcdn.com/mnresize/400/-/ty1177/product/media/images/prod/PIM/20240220/14/325cc29f-9a99-4749-9dfe-d8e7aff069cb/1_org_zoom.jpg,Happiness İstanbul قميص نسائي سادة طويل بقصة واسعة باللون الأسود DD00842,"33,74
SAR","39,69",4.4,اللون: أسود | نوع الكم: أكمام طويلة | تفاصيل الاستدامة: مُعاد تدويره | محتويات العلبة: قطعة واحدة | الشخصية: سمارت/مكتب | النمط: سادة | مميزات إضافية: مزخرف | تقنية الطباعة أو التطريز: غير مطبوع | يمكن طلب بحد أقصى عدد 5 وحدة (وحدات) من هذا المنتج. يحق لترينديول إلغاء الطلبات التي تزيد عن 5 وحدة (وحدات).,https://www.trendyol.com/ar/happiness-istanbul/women-s-black-oversize-long-basic-shirt-dd00842-p-89234146,Saudi Arabia
https://cdn.dsmcdn.com/mnresize/400/-/ty1171/product/media/images/prod/SPM/PIM/20240213/21/c7f780ab-3b63-3a66-8c54-7bf4d1b6d896/1_org_zoom.jpg,Sinem Yıldız Çamaşırları سراويل نسائية عالية الخصر مصنوعة من القطن بنسبة 100% مكونة من 5 قطع SNM-5KLT,"39,98
SAR","49,97",4.3,اللون: رمادي | الخامة: قطن 100% | نوع القماش: النسيج | مميزات إضافية: غسيل الملابس | الطول: قياسي | الخصر: خصر عالي | حزمة متعددة: 5 قطع | النمط: سادة | يمكن طلب بحد أقصى عدد 5 وحدة (وحدات) من هذا المنتج. يحق لترينديول إلغاء الطلبات التي تزيد عن 5 وحدة (وحدات).,https://www.trendyol.com/ar/sinem-yildiz-camasirlari/100-cotton-high-waist-women-s-panty-5-pack-snm-5klt-p-806346773,Saudi Arabia
https://cdn.dsmcdn.com/mnresize/400/-/ty1608/prod/QC/20241205/15/95cfb104-0cc5-31ed-b46f-6baaa6eac54d/1_org_zoom.jpg,Lattafa عطر خمرة من لطافة 100 مل,"63,00
SAR","90,00",4,النوع: EDP | الكمية: 100 مل | نوع العطر: عطري | نوع العطر: توابل | يمكن طلب بحد أقصى عدد 5 وحدة (وحدات) من هذا المنتج. يحق لترينديول إلغاء الطلبات التي تزيد عن 5 وحدة (وحدات).,https://www.trendyol.com/ar/lattafa/lattafa-khamra-perfume-100ml-p-473587520,Saudi Arabia
https://cdn.dsmcdn.com/mnresize/400/-/ty1009/product/media/images/prod/PIM/20231006/10/bc4b2131-8907-4af2-9fa7-1ac57496f6bb/1_org_zoom.jpg,TRENDYOL MODEST فستان منسوج بحزام وأزرار وطية صدر باللون الوردي الداكن TCTSS21EL3343,"72,89
SAR","80,99",4.3,اللون: وردي | الجيب: بدون جيوب | طول الكم: طويلة | البطانة: غير مبطن | المجموعة: رمضان | الحزام: مربوط | النمط: سادة | الستايل: قصة بتصميم حرف A | يمكن طلب بحد أقصى عدد 5 وحدة (وحدات) من هذا المنتج. يحق لترينديول إلغاء الطلبات التي تزيد عن 5 وحدة (وحدات).,https://www.trendyol.com/ar/trendyol-modest/dark-pink-belted-chief-collar-button-detail-woven-dress-tctss21el3343-p-655859243,Saudi Arabia
https://cdn.dsmcdn.com/mnresize/400/-/ty1612/prod/QC/20241213/15/7dc15d4c-230a-35e6-859d-e96b2ce1ba78/1_org_zoom.jpg,U.S. Polo Assn. يو اس بولو اسنفستان طفلة حمراء,"90,83
SAR","133,77",4.7,اللون: أحمر | نوع الاغلاق: زر | الجيب: بدون جيوب | البطانة: غير مبطن | النمط: سادة | الستايل: بيسك | المناسبة: كاجوال | الخامة: قطن 100% | يمكن طلب بحد أقصى عدد 5 وحدة (وحدات) من هذا المنتج. يحق لترينديول إلغاء الطلبات التي تزيد عن 5 وحدة (وحدات). | يُباع بواسطة  Eren Çamaşır.,https://www.trendyol.com/ar/u-s-polo-assn/us-polo-assnbaby-girl-red-dress-p-884229179,N/A
https://cdn.dsmcdn.com/mnresize/400/-/ty1616/product/media/images/prod/PIM/20241219/06/fcb6cb07-fd33-426a-8538-39c5e285cb56/1_org_zoom.jpg,Happiness İstanbul قميص أساسي طويل كبير الحجم بلون الشوكولاتة للسيدات DD00842,"31,75
SAR","39,69",4.4,اللون: بني | تقنية الطباعة أو التطريز: غير مطبوع | تفاصيل المنتج: بأزرار | الموسم: جميع الفصول | النمط: سادة | طول الكم: طويلة | مميزات إضافية: مزخرف | المناسبة: كاجوال | يمكن طلب بحد أقصى عدد 5 وحدة (وحدات) من هذا المنتج. يحق لترينديول إلغاء الطلبات التي تزيد عن 5 وحدة (وحدات).,https://www.trendyol.com/ar/happiness-istanbul/women-s-chocolate-oversize-long-basic-shirt-dd00842-p-149972254,Saudi Arabia
https://cdn.dsmcdn.com/mnresize/400/-/ty1177/product/media/images/prod/PIM/20240220/14/063b0a97-6acf-428d-b0ef-86b891af2d73/1_org_zoom.jpg,Happiness İstanbul قميص أساسي طويل كبير الحجم للنساء من إكرو DD00842,"29,83
SAR","39,78",4.1,اللون: إيكرو | العمر: جميع الفئات العمرية | مميزات إضافية: مزخرف | تفاصيل المنتج: بأزرار | المناسبة: كاجوال | الحزام: بدون حزام | القصة: مقاس عادي | الستايل: بيسك | يمكن طلب بحد أقصى عدد 5 وحدة (وحدات) من هذا المنتج. يحق لترينديول إلغاء الطلبات التي تزيد عن 5 وحدة (وحدات).,https://www.trendyol.com/ar/happiness-istanbul/women-s-ecru-oversize-long-basic-shirt-dd00842-p-298458908,Saudi Arabia
https://cdn.dsmcdn.com/mnresize/400/-/ty1537/product/media/images/prod/QC/20240911/02/0831bddc-a7fe-3551-a67b-199cecfd04b4/1_org_zoom.jpg,LP حذاء لوفر من جلد الغزال - موديل LP مريح وأنيق,"91,94
SAR","94,59",4.1,اللون: أسود | مميزات إضافية: لا توجد ميزات إضافية متاحة | خامة النعل: نيوليث | تفاصيل الاستدامة: لا | الشخصية: مكتب | مادة النعل الداخلي: جلد صناعي | نوع القماش: النسيج | نوع الكعب: مسطح | يمكن طلب بحد أقصى عدد 5 وحدة (وحدات) من هذا المنتج. يحق لترينديول إلغاء الطلبات التي تزيد عن 5 وحدة (وحدات). | يُباع بواسطة  TOPUKLU DÜNYASI.,https://www.trendyol.com/ar/lp/suede-loafer-comfortable-and-stylish-lp-model-p-793901790,N/A
https://cdn.dsmcdn.com/mnresize/400/-/ty591/product/media/images/20221107/14/209413466/575685541/4/4_org_zoom.jpg,Trendyol Collection معطف أسود من الكشمير والصوف طويل الحجم واسع الحجم TWOAW21KB0038,"97,19
SAR","161,99",4.2,اللون: أسود | نوع النسيج: قصة واسعة | الستايل: بيسك | نوع الاغلاق: مشبك متداخل | تفاصيل المنتج: بأزرار | نوع القماش: النسيج | الطول: طويل | تقنية الحشو: شاغرة | يمكن طلب بحد أقصى عدد 5 وحدة (وحدات) من هذا المنتج. يحق لترينديول إلغاء الطلبات التي تزيد عن 5 وحدة (وحدات).,https://www.trendyol.com/ar/trendyolmilla/black-oversize-wide-cut-long-wool-cashmere-coat-twoaw21kb0038-p-356769149,Saudi Arabia
https://cdn.dsmcdn.com/mnresize/400/-/ty1548/product/media/images/ty1550/prod/QC/20240916/17/27326b30-1c1c-310a-bd54-f49bc25b7c73/1_org_zoom.jpg,Keramika طقم صحون فطور بتصميم ورود من 21 قطعة لـ 4 أشخاص - 18939-40-42-43,"147,69
SAR","164,10",4.8,اللون: أبيض | الشكل: مدور | عدد الأشخاص: لـ 4 أشخاص | الخامة: خزف حجري | الخامة: سيراميك | حزمة متعددة: 21 | الموضوع/الستايل: زهور | ميزة: منتج قابل للاستخدام في الميكروويف | يمكن طلب بحد أقصى عدد 1 وحدة (وحدات) من هذا المنتج. يحق لترينديول إلغاء الطلبات التي تزيد عن 1 وحدة (وحدات).,https://www.trendyol.com/ar/keramika/flower-garden-breakfast-set-21-pieces-for-4-people-18939-40-42-43-p-55265026,Saudi Arabia
https://cdn.dsmcdn.com/mnresize/400/-/ty1629/prod/QC/20250126/01/2a32927e-abef-3d9b-927e-4a3e3c5fe87c/1_org_zoom.jpg,YouLikeButik قميص داخلي بياقة رسن مطرزة باللون الأبيض,"70,79
SAR","83,28",5,اللون: أسود | الشخصية: فاشن فورورد | تفاصيل الاستدامة: نعم | المناسبة: كاجوال | نوع القماش: التريكو | النمط: سادة | المجموعة: بيسكس | الستايل: الحديد | يمكن طلب بحد أقصى عدد 5 وحدة (وحدات) من هذا المنتج. يحق لترينديول إلغاء الطلبات التي تزيد عن 5 وحدة (وحدات). | يُباع بواسطة  YouLikeButik.,https://www.trendyol.com/ar/youlikebutik/white-embroidered-halter-neck-undershirt-p-895295557,N/A
https://cdn.dsmcdn.com/mnresize/400/-/ty1409/product/media/images/prod/PIM/20240709/01/194a0015-cdf6-4ea9-a324-99144bdd2dbb/1_org_zoom.jpg,TRENDYOL MODEST قبعة منسوجة باللون الأخضر - Ferace/Abaya TCTSS24KF00045,"44,99
SAR","499,00",4.3,اللون: أخضر | الشخصية: المؤنث | الستايل: قصة بتصميم حرف A | تفاصيل الاستدامة: لا | المناسبة: كاجوال | الياقة: ياقة على شكل حرف V | القصة: مقاس مريح | نوع النسيج: جاكار ساتان | يمكن طلب بحد أقصى عدد 5 وحدة (وحدات) من هذا المنتج. يحق لترينديول إلغاء الطلبات التي تزيد عن 5 وحدة (وحدات).,https://www.trendyol.com/ar/trendyol-modest/green-patterned-woven-cap-ferace-abaya-tctss24kf00045-p-827241565,N/A
https://cdn.dsmcdn.com/mnresize/400/-/ty1623/prod/QC/20250115/16/23b0d38e-f777-3d03-962b-0642bddc7984/1_org_zoom.jpg,Skin1004 أمبولة كبسولات تفتيح البشرة من مدغشقر سنتيلا تون 100 مل,"68,00
SAR","85,00",4.6,النوع: أمبولة | عامل الحماية من أشعة الشمس: بدون حماية | غرض الاستخدام: العناية المضادة للشوائب | نوع البشرة: مختلطة | الكمية: 100 مل | مميزات إضافية: إضاءة | المحتوى: نياسيناميد | مضاد علامات التقدم فالعمر: لا,https://www.trendyol.com/ar/skin1004/madagascar-centella-tone-brightening-capsule-ampoule-100ml-p-328006794,Saudi Arabia
https://cdn.dsmcdn.com/mnresize/400/-/ty1512/product/media/images/prod/QC/20240830/12/380dab0b-d4b0-3c46-8665-4fcb3dbee628/1_org_zoom.jpg,myDea جوارب جامعية منقوشة بشخصيات للجنسين 6 أزواج,"21,22
SAR","30,31",4.4,اللون: أصفر | الخامة: قطن | الجوانب الفنية: لا | حزمة متعددة: 6 | المناسبة: كاجوال | تفاصيل الاستدامة: نعم | النمط: منقوش | نوع النسيج: جاكار | يمكن طلب بحد أقصى عدد 5 وحدة (وحدات) من هذا المنتج. يحق لترينديول إلغاء الطلبات التي تزيد عن 5 وحدة (وحدات).,https://www.trendyol.com/ar/mydea/unisex-character-patterned-college-socks-6-pairs-p-246308693,Saudi Arabia
https://cdn.dsmcdn.com/mnresize/400/-/ty821/product/media/images/20230410/11/321380352/907025530/2/2_org_zoom.jpg,Happiness İstanbul طقم بنطلون شالوار قميص كتان رمادي نسائي DZ00080,"79,35
SAR","259,00",4.5,اللون: رمادي | محتويات العلبة: قطعتان | مميزات إضافية: لا توجد ميزات إضافية متاحة | نوع القماش: النسيج | تقنية الطباعة أو التطريز: غير مطبوع | الموسم: صيف | الستايل: فضفاض | القصة: فضفاض | يمكن طلب بحد أقصى عدد 3 وحدة (وحدات) من هذا المنتج. يحق لترينديول إلغاء الطلبات التي تزيد عن 3 وحدة (وحدات).,https://www.trendyol.com/ar/happiness-istanbul/women-s-gray-linen-shirt-shalwar-trousers-set-dz00080-p-685278351,Saudi Arabia
https://cdn.dsmcdn.com/mnresize/400/-/ty1289/product/media/images/prod/PIM/20240502/08/af5aa20a-8009-418d-87d4-2886a70b70b4/1_org_zoom.jpg,Happiness İstanbul قميص أساسي طويل وردي كبير الحجم للنساء DD00842,"31,79
SAR","39,74",4.4,اللون: وردي | العمر: جميع الفئات العمرية | نوع القماش: النسيج | مميزات إضافية: مزخرف | النمط: سادة | الخامة: قطن - بوليستر | تفاصيل الاستدامة: مُعاد تدويره | الشخصية: سمارت/مكتب | يمكن طلب بحد أقصى عدد 5 وحدة (وحدات) من هذا المنتج. يحق لترينديول إلغاء الطلبات التي تزيد عن 5 وحدة (وحدات).,https://www.trendyol.com/ar/happiness-istanbul/women-s-pink-oversize-long-basic-shirt-dd00842-p-113319776,Saudi Arabia
https://cdn.dsmcdn.com/mnresize/400/-/ty1207/product/media/images/prod/PIM/20240313/14/b34d28a1-9c3a-43f3-94c1-d4005c6cc631/1_org_zoom.jpg,Trendyol Collection طقم بيجامة كشكش قطن 100% بنمط زهور ملونة - THMSS24PT00227,"40,79
SAR","67,99",4.3,اللون: متعدد الألوان | محتويات العلبة: قطعتان | القصة: مقاس عادي | الطول: قياسي | النمط: زهور | الياقة: ياقة القميص | تفاصيل المنتج: مكشكش | الموسم: الربيع / الخريف | يمكن طلب بحد أقصى عدد 5 وحدة (وحدات) من هذا المنتج. يحق لترينديول إلغاء الطلبات التي تزيد عن 5 وحدة (وحدات).,https://www.trendyol.com/ar/trendyolmilla/colorful-floral-print-100-cotton-ruffle-sleepwear-set-thmss24pt00227-p-805930042,N/A
https://cdn.dsmcdn.com/mnresize/400/-/ty1577/prod/QC/20241002/15/e2696dbc-1f43-3746-a548-27648059c58a/1_org_zoom.jpg,Nehir طقم مقلاة ستانلس ستيل 6 قطع - فضي (16-18-20 سم),"154,80
SAR","193,50",4.5,اللون: فضي اللون | ميزة: قاعدة مانعة للالتصاق | القياسات: 20 × 158 | المادة الخارجية: فولاذ | المادة الداخلية: فولاذ | حزمة متعددة: 6 | الكمية: 1.7 لتر | يمكن طلب بحد أقصى عدد 1 وحدة (وحدات) من هذا المنتج. يحق لترينديول إلغاء الطلبات التي تزيد عن 1 وحدة (وحدات).,https://www.trendyol.com/ar/nehir/6-piece-stainless-steel-pan-set-silver-16-18-20-cm-p-44615584,Saudi Arabia
https://cdn.dsmcdn.com/mnresize/400/-/ty336/product/media/images/20220220/20/54194561/66362166/3/3_org_zoom.jpg,Trendyol Collection تي شيرت بأكمام قصيرة مطبوع عليه شعار أزرق داكن 100% قطن - TMNSS20TS0984,"33,99
SAR","93,00",4.6,اللون: أزرق داكن | نوع الكم: كم قياسي | الجيب: بدون جيوب | نوع النسيج: قميص جيرسيه مفرد من القطن الممشط 30/1 | المجموعة: رمضان | الموسم: صيف | طول الكم: قصيرة | نوع القماش: محبوك | يمكن طلب بحد أقصى عدد 5 وحدة (وحدات) من هذا المنتج. يحق لترينديول إلغاء الطلبات التي تزيد عن 5 وحدة (وحدات).,https://www.trendyol.com/ar/trendyol-man/navy-blue-logo-printed-100-cotton-short-sleeve-t-shirt-tmnss20ts0984-p-37355588,Saudi Arabia
https://cdn.dsmcdn.com/mnresize/400/-/ty1601/prod/QC/20241109/13/b3cf2801-b837-3027-9a88-1507461f4ecc/1_org_zoom.jpg,Dark Seer حذاء رياضي أسود للجنسين,"94,37
SAR","117,96",4.4,اللون: أسود | تفاصيل المنتج: حذاء للمشي | الخامة: بولي يوريثين | نوع الإغلاق: أربطة | حجم الكعب: كعب قصير (1–4 سم) | المناسبة: كاجوال | الشخصية: سيكسي | مميزات إضافية: نعل لتقويم العظام | يمكن طلب بحد أقصى عدد 5 وحدة (وحدات) من هذا المنتج. يحق لترينديول إلغاء الطلبات التي تزيد عن 5 وحدة (وحدات).,https://www.trendyol.com/ar/dark-seer/black-unisex-sneaker-p-42713791,Saudi Arabia
https://cdn.dsmcdn.com/mnresize/400/-/ty1645/prod/QC/20250303/02/f412e057-cfd7-3133-9252-7a9a9fb8058b/1_org_zoom.jpg,Laverne عطر سنس جورجينا من لافيرن 75 مل,"56,94
SAR","71,18",N/A,النوع: EDP | الكمية: 75 مل | نوع العطر: حلوة | يمكن طلب بحد أقصى عدد 5 وحدة (وحدات) من هذا المنتج. يحق لترينديول إلغاء الطلبات التي تزيد عن 5 وحدة (وحدات). | يشمل سعر البيع على ترينديول بالفعل التكاليف المتعلقة بالتصدير. | يُباع بواسطة  Diamond Store.,https://www.trendyol.com/ar/laverne/laverne-sense-georgina-perfume-75ml-p-903697245,Saudi Arabia
https://cdn.dsmcdn.com/mnresize/400/-/ty1649/prod/QC/20250313/11/9eb2faa1-4518-345a-aa8d-22d082cefbd2/1_org_zoom.jpg,ANUA سيروم نياسيناميد 10% + TXA 4% 30 مل,"68,56
SAR","158,40",4.4,غرض الاستخدام: العناية المضادة للشوائب | المحتوى: نياسيناميد | مضاد علامات التقدم فالعمر: نعم | النوع: أمبولة | الكمية: 30 مل | عامل الحماية من أشعة الشمس: بدون حماية | نوع البشرة: جميع أنواع البشرة | مميزات إضافية: خالٍ من العطور,https://www.trendyol.com/ar/anua/niacinamide-10-txa-4-serum-30ml-p-853870050,Saudi Arabia
https://cdn.dsmcdn.com/mnresize/400/-/ty662/product/media/images/20221223/19/245192309/629100029/2/2_org_zoom.jpg,Trendyol Collection طقم بيجامة مخططة باللون الأزرق مع شورت فيسكوز - حبال على شكل قلب THMSS23PT00133,"44,99
SAR","145,00",4.4,اللون: أزرق | تفاصيل الاستدامة: لا | الياقة: ياقة على شكل حرف V | محتويات العلبة: قطعتان | القصة: مقاس عادي | تفاصيل المنتج: مربوط | طقم من الأسفل إلى الأعلى: قميص داخلي - شورت | الستايل: بيسك | يمكن طلب بحد أقصى عدد 5 وحدة (وحدات) من هذا المنتج. يحق لترينديول إلغاء الطلبات التي تزيد عن 5 وحدة (وحدات).,https://www.trendyol.com/ar/trendyolmilla/blue-striped-pajamas-set-with-viscose-shorts-rope-suspender-heart-thmss23pt00133-p-411382895,N/A
https://cdn.dsmcdn.com/mnresize/400/-/ty1600/prod/QC/20241109/13/83662f5f-917b-3e30-99fb-215267ea5eb4/1_org_zoom.jpg,Dark Seer حذاء رياضي أبيض للجنسين,"113,92
SAR","119,92",4.4,اللون: أبيض | نوع القاعدة: نعل مسطح | النمط: سادة | خامة النعل: بوليستر | المادة الخارجية: جلد صناعي | تفاصيل الاستدامة: لا | المجموعة: بيسكس | نوع الإغلاق: أربطة | يمكن طلب بحد أقصى عدد 5 وحدة (وحدات) من هذا المنتج. يحق لترينديول إلغاء الطلبات التي تزيد عن 5 وحدة (وحدات).,https://www.trendyol.com/ar/dark-seer/white-unisex-sneaker-p-42713792,N/A
https://cdn.dsmcdn.com/mnresize/400/-/ty408/product/media/images/20220425/8/97084119/412775318/5/5_org_zoom.jpg,Trendyol Collection الأرجواني Strappy جاهزة / الجسم المناسب ساحة الرقبة تول ميدي مرنة محبوك فستان رصاص TWOSS22EL00726,"30,09
SAR","42,99",4.8,اللون: أرجواني | الياقة: ياقة مربعة | تفاصيل المنتج: مبطن | البطانة: مبطن | الطول: ميدي | الشخصية: المؤنث | الستايل: قصة ضيقة | نوع القماش: محبوك | يمكن طلب بحد أقصى عدد 5 وحدة (وحدات) من هذا المنتج. يحق لترينديول إلغاء الطلبات التي تزيد عن 5 وحدة (وحدات).,https://www.trendyol.com/ar/trendyolmilla/purple-strappy-fitted-fitted-square-collar-tulle-midi-flexible-knitted-pencil-dress-twoss22el00726-p-260065825,Saudi Arabia
https://cdn.dsmcdn.com/mnresize/400/-/ty1166/product/media/images/prod/PIM/20240209/14/2a646924-1ea5-4fdb-a254-007b47259a6b/1_org_zoom.jpg,Trendyol Collection طقم بيجامة قطن أبيض مع قلوب من الدانتيل - حبل معلق THMSS24PT00106,"24,04
SAR","36,99",4.4,اللون: أبيض | الخامة: قطن 100% | المجموعة: ملابس منزلية | تفاصيل الاستدامة: لا | الطول: قياسي | الستايل: بيسك | حزمة متعددة: مجموعة من قطعتين | القصة: مقاس عادي | يمكن طلب بحد أقصى عدد 5 وحدة (وحدات) من هذا المنتج. يحق لترينديول إلغاء الطلبات التي تزيد عن 5 وحدة (وحدات).,https://www.trendyol.com/ar/trendyolmilla/white-cotton-sleepwear-set-with-heart-lace-rope-strap-thmss24pt00106-p-789570446,Saudi Arabia
https://cdn.dsmcdn.com/mnresize/400/-/ty1656/prod/QC/20250330/16/75dc99c5-c794-37a9-803f-322f54516b6e/1_org_zoom.jpg,Lattafa عطر يارا 100 مل للنساء,"58,40
SAR","73,00",4,نوع العطر: شرقية | نوع العطر: عطري | النوع: EDP | الكمية: 100 مل | يمكن طلب بحد أقصى عدد 5 وحدة (وحدات) من هذا المنتج. يحق لترينديول إلغاء الطلبات التي تزيد عن 5 وحدة (وحدات).,https://www.trendyol.com/ar/lattafa/yara-perfume-100-ml-for-women-p-652637312,Saudi Arabia
https://cdn.dsmcdn.com/mnresize/400/-/ty1212/product/media/images/prod/PIM/20240318/14/8f691d71-7d5c-489a-8976-ad0314d0fc7a/1_org_zoom.jpg,TRENDYOL MODEST فستان منسوج بتفاصيل ربطة الخصر من ساكس TCTSS23EB00221,"44,00
SAR","109,99",4.3,اللون: أزرق | العمر: جميع الفئات العمرية | المجموعة: رمضان | الشخصية: رائع ومريح | محتويات العلبة: قطعة واحدة | القصة: مقاس عادي | طول الكم: طويلة | المناسبة: كاجوال | يمكن طلب بحد أقصى عدد 5 وحدة (وحدات) من هذا المنتج. يحق لترينديول إلغاء الطلبات التي تزيد عن 5 وحدة (وحدات).,https://www.trendyol.com/ar/trendyol-modest/saks-woven-dress-with-tie-waist-detail-tctss23eb00221-p-805734396,Saudi Arabia
https://cdn.dsmcdn.com/mnresize/400/-/ty1648/prod/QC/20250313/11/98b300bc-9efe-3338-9325-577fdec232e8/1_org_zoom.jpg,Bioderma كريم اتوديرم 500 مل,"49,64
SAR","52,25",4.7,الشكل: كريم | مميزات إضافية: بارابين مجانا | النوع: زجاجة | الكمية: 500 مل | غرض الاستخدام: الترطيب,https://www.trendyol.com/ar/bioderma/atoderm-cream-500ml-p-85035,Saudi Arabia
https://cdn.dsmcdn.com/mnresize/400/-/ty1170/product/media/images/prod/PIM/20240214/06/d1641146-208c-4c4f-80f9-00d648e90220/1_org_zoom.jpg,Trendyol Collection تي شيرت قطني مطبوع كبير الحجم بلون أنثراسايت - TMNSS23TS00174,"63,89
SAR","70,99",3.7,اللون: رمادي | المناسبة: كاجوال | طول الكم: قصيرة | الياقة: ياقة دائرية | الجوانب الفنية: يجب أن يغسل | الشخصية: للشباب | النمط: الشعار | نوع الكم: كم قياسي | يمكن طلب بحد أقصى عدد 5 وحدة (وحدات) من هذا المنتج. يحق لترينديول إلغاء الطلبات التي تزيد عن 5 وحدة (وحدات).,https://www.trendyol.com/ar/trendyol-man/anthracite-color-oversize-printed-cotton-t-shirt-tmnss23ts00174-p-458611299,Saudi Arabia
https://cdn.dsmcdn.com/mnresize/400/-/ty974/product/media/images/20230727/23/397424004/958640971/8/8_org_zoom.jpg,Trendyol Collection جينز أزرق عالي الخصر للأم TWOAW24JE00076,"60,29
SAR","66,99",4.4,اللون: أزرق | الستايل: مام | تفاصيل الاستدامة: لا | العمر: جميع الفئات العمرية | المناسبة: كاجوال | نوع المنتج: مستقيم | نوع القماش: الجينز | محتويات العلبة: قطعة واحدة | يمكن طلب بحد أقصى عدد 5 وحدة (وحدات) من هذا المنتج. يحق لترينديول إلغاء الطلبات التي تزيد عن 5 وحدة (وحدات).,https://www.trendyol.com/ar/trendyolmilla/blue-high-waist-mom-jeans-twoaw24je00076-p-729125808,Saudi Arabia
https://cdn.dsmcdn.com/mnresize/400/-/ty766/product/media/images/20230306/19/297779435/215508106/2/2_org_zoom.jpg,Trendyol Collection قميص كاكي رفيع مخطط بقصة ضيقة - ياقة بأزرار TMNSS20GO0092,"61,99
SAR","151,00",4.3,اللون: كاكي | نوع الكم: كم قياسي | الطول: قياسي | الحزام: بدون حزام | نوع الاغلاق: زر | الموسم: جميع الفصول | الجيب: بدون جيوب | الياقة: ياقة بأزرار | يمكن طلب بحد أقصى عدد 5 وحدة (وحدات) من هذا المنتج. يحق لترينديول إلغاء الطلبات التي تزيد عن 5 وحدة (وحدات).,https://www.trendyol.com/ar/trendyol-man/khaki-pinstripe-slim-fit-shirt-button-collar-tmnss20go0092-p-35114554,Saudi Arabia
https://cdn.dsmcdn.com/mnresize/400/-/ty1601/prod/QC/20241110/20/558833a1-1ddc-326a-976d-dd5fc08b1ec6/1_org_zoom.jpg,macharel jeans بنطلون بالازو أسود عالي الخصر للنساء,"55,03
SAR","78,61",4.6,اللون: أسود | محتويات العلبة: قطعة واحدة | نوع النسيج: منقوش | السماكة: متوسطة | الشخصية: مكتب | الستايل: بيسك | تقنية الطباعة أو التطريز: غير مطبوع | الطول: طويل | يمكن طلب بحد أقصى عدد 5 وحدة (وحدات) من هذا المنتج. يحق لترينديول إلغاء الطلبات التي تزيد عن 5 وحدة (وحدات).,https://www.trendyol.com/ar/macharel-jeans/women-s-black-high-waist-slim-fit-flare-leg-palazzo-pants-p-329980272,Saudi Arabia
https://cdn.dsmcdn.com/mnresize/400/-/ty743/product/media/images/20230222/21/287095762/629549183/4/4_org_zoom.jpg,Trendyol Collection طقم بيجامة تي شيرت وبنطلون قطن 100% مطبوع باللون الأرجواني THMSS23PT00134,"49,49
SAR","54,99",4.3,اللون: وردي | نوع القماش: محبوك | الستايل: بيسك | الخصر: خصر عادي | الطول: قياسي | محتويات العلبة: قطعتان | نوع النسيج: جيرسي واحد | القصة: مقاس عادي | يمكن طلب بحد أقصى عدد 5 وحدة (وحدات) من هذا المنتج. يحق لترينديول إلغاء الطلبات التي تزيد عن 5 وحدة (وحدات).,https://www.trendyol.com/ar/trendyolmilla/lilac-printed-100-cotton-t-shirt-and-pants-sleepwear-set-thmss23pt00134-p-411728993,Saudi Arabia
https://cdn.dsmcdn.com/mnresize/400/-/ty1114/product/media/images/prod/PIM/20231230/12/ace7c0dc-f2c4-4312-a460-681fd12a0bc9/1_org_zoom.jpg,TRENDYOL MODEST فستان قميص منسوج من القطن بحزام كاكي وأكمام قابلة للتعديل TCTSS23EB00365,"44,54
SAR","80,99",4.3,اللون: كاكي | الحزام: مربوط | نوع النسيج: قطن تيري | نوع القماش: النسيج | المجموعة: رمضان | الخامة: قطن - بوليستر | محتويات العلبة: قطعة واحدة | الشخصية: رائع ومريح | يمكن طلب بحد أقصى عدد 5 وحدة (وحدات) من هذا المنتج. يحق لترينديول إلغاء الطلبات التي تزيد عن 5 وحدة (وحدات).,https://www.trendyol.com/ar/trendyol-modest/khaki-belted-sleeves-adjustable-detailed-cotton-woven-shirt-dress-tctss23eb00365-p-771857395,N/A
https://cdn.dsmcdn.com/mnresize/400/-/ty1662/prod/QC/20250414/07/f49e3e00-e922-3395-91ce-2067af5af322/1_org_zoom.jpg,Ajmal مسك الحرير 12 مل,"55,00
SAR","99,00",4.4,الكمية: 0.5 - 1 لتر | يمكن طلب بحد أقصى عدد 5 وحدة (وحدات) من هذا المنتج. يحق لترينديول إلغاء الطلبات التي تزيد عن 5 وحدة (وحدات). | يشمل سعر البيع على ترينديول بالفعل التكاليف المتعلقة بالتصدير. | يُباع بواسطة  Fakhra SA.,https://www.trendyol.com/ar/ajmal/musk-silk-12-ml-p-925455650,Saudi Arabia
https://cdn.dsmcdn.com/mnresize/400/-/ty1662/prod/QC/20250416/12/f5751a39-077b-309a-ac80-65ad3b08428e/1_org_zoom.jpg,Capone Outfitters حقيبة نسائية من ليدز,"50,74
SAR","63,43",4.5,اللون: أسود | العمر: جميع الفئات العمرية | السعة: 0-15 L | نوع القماش: النسيج | المناسبة: كاجوال | تفاصيل الاستدامة: نعم | الخامة: جلد صناعي | جودة الجلد: جلد صناعي | يمكن طلب بحد أقصى عدد 5 وحدة (وحدات) من هذا المنتج. يحق لترينديول إلغاء الطلبات التي تزيد عن 5 وحدة (وحدات).,https://www.trendyol.com/ar/capone-outfitters/leeds-women-s-bag-p-207914081,Saudi Arabia
https://cdn.dsmcdn.com/mnresize/400/-/ty1008/product/media/images/prod/SPM/PIM/20231002/20/e5dd6550-1262-370b-b96b-40ac34763a08/1_org_zoom.jpg,Taç طقم أواني طهي جرانيت Mastercook Chubby من 7 قطع باللون الذهبي,"202,12
SAR","269,50",4.4,اللون: بني | المادة الخارجية: جرانيت | المادة الداخلية: جرانيت | حزمة متعددة: 4 | الكمية: 2.3 لتر | ميزة: قاعدة مانعة للالتصاق | القياسات: 25 سم | يمكن طلب بحد أقصى عدد 1 وحدة (وحدات) من هذا المنتج. يحق لترينديول إلغاء الطلبات التي تزيد عن 1 وحدة (وحدات).,https://www.trendyol.com/ar/tac/mastercook-chubby-7-piece-granite-pot-set-gold-color-p-376678261,Saudi Arabia
https://cdn.dsmcdn.com/mnresize/400/-/ty1583/prod/QC/20241009/10/f76b64df-ea3a-3b3f-9f6f-95d5e39b868f/1_org_zoom.jpg,macharel jeans بنطال نسائي من القماش الأسود الكلاسيكي عالي الخصر للموسم الجديد,"79,60
SAR","78,61",4.4,اللون: أسود | الستايل: بيسك | الموسم: جميع الفصول | النمط: سادة | الجيب: بدون جيوب | القصة: كلاسيكي | تفاصيل المنتج: ممزق | نوع النسيج: كريب الملكة | يمكن طلب بحد أقصى عدد 5 وحدة (وحدات) من هذا المنتج. يحق لترينديول إلغاء الطلبات التي تزيد عن 5 وحدة (وحدات). | يُباع بواسطة  ATMOSPHERE.,https://www.trendyol.com/ar/macharel-jeans/women-s-new-season-high-waist-classic-black-fabric-trousers-p-858120467,N/A
https://cdn.dsmcdn.com/mnresize/400/-/ty622/product/media/images/20221205/18/227068756/612825199/2/2_org_zoom.jpg,Trendyol Collection بنطلون محبوك بخصر عالي وتصميم عريض من الأسفل مع فتحات جانبية باللون الرمادي TWOSS23PL00134,"42,99
SAR","142,00",4.5,اللون: أسود | الموسم: جميع الفصول | المناسبة: كاجوال | نوع القماش: محبوك | الستايل: قصة واسعة | المجموعة: رمضان | تفاصيل المنتج: مفتوح | قصة الساق: أرجل واسعة | يمكن طلب بحد أقصى عدد 5 وحدة (وحدات) من هذا المنتج. يحق لترينديول إلغاء الطلبات التي تزيد عن 5 وحدة (وحدات).,https://www.trendyol.com/ar/trendyolmilla/black-side-slits-flare-spanish-leg-high-waist-knitted-trousers-twoss23pl00134-p-379280761,Saudi Arabia
https://cdn.dsmcdn.com/mnresize/400/-/ty698/product/media/images/20230120/14/262187331/628314380/2/2_org_zoom.jpg,Trendyol Collection سترة جينز سوداء كبيرة الحجم مرصعة بالأحجار TWOSS23CE00044,"119,99
SAR","392,00",4.6,اللون: أسود | الطول: عادي | النمط: سادة | تفاصيل المنتج: باللؤلؤ | المناسبة: كاجوال | الستايل: بيسك | نوع النسيج: جامد | الموسم: جميع الفصول | يمكن طلب بحد أقصى عدد 3 وحدة (وحدات) من هذا المنتج. يحق لترينديول إلغاء الطلبات التي تزيد عن 3 وحدة (وحدات).,https://www.trendyol.com/ar/trendyolmilla/black-jewelled-oversize-denim-jacket-twoss23ce00044-p-410734246,N/A
https://cdn.dsmcdn.com/mnresize/400/-/ty1199/product/media/images/prod/PIM/20240308/16/2740342c-0b6a-47b1-b763-f635bb964fc5/1_org_zoom.jpg,Trendyol Collection تي شيرت محبوك بأكمام قصيرة ومريح مطبوع عليه حجر الظهر TWOSS24TS00147,"18,14
SAR","32,99",4.5,اللون: بيج | تفاصيل المنتج: مطبوعة مرة أخرى | المجموعة: رمضان | الطول: عادي | النمط: زهور | نوع النسيج: جيرسي واحد | نوع القماش: محبوك | نوع الكم: كتف مكشوف | يمكن طلب بحد أقصى عدد 5 وحدة (وحدات) من هذا المنتج. يحق لترينديول إلغاء الطلبات التي تزيد عن 5 وحدة (وحدات).,https://www.trendyol.com/ar/trendyolmilla/stone-back-printed-relaxed-comfortable-fit-short-sleeve-knitted-t-shirt-twoss24ts00147-p-799679073,Saudi Arabia
https://cdn.dsmcdn.com/mnresize/400/-/ty1570/prod/QC/20240926/10/6c1b613f-5caf-39e8-90fd-68520d360d44/1_org_zoom.jpg,Bigdart فستان فيسكوز نسائي للمحجبات منقوش باللون الكريمي والأسود 2423,"72,34
SAR","96,45",4.6,اللون: أسود | طول الكم: طويلة | العمر: جميع الفئات العمرية | تفاصيل المنتج: قماش الجينز | الستايل: بيسك | مميزات إضافية: لا توجد ميزات إضافية متاحة | نوع القماش: النسيج | النمط: سادة | يمكن طلب بحد أقصى عدد 5 وحدة (وحدات) من هذا المنتج. يحق لترينديول إلغاء الطلبات التي تزيد عن 5 وحدة (وحدات).,https://www.trendyol.com/ar/bigdart/women-s-black-cream-patterned-viscose-hijab-dress-2423-p-818084452,United Arab Emirates
https://cdn.dsmcdn.com/mnresize/400/-/ty1190/product/media/images/prod/SPM/PIM/20240301/16/442506f6-53b7-3504-9305-05eda6523774/1_org_zoom.jpg,Meguca Socks طقم جوارب قطنية مريحة للجنسين مضادة للتعرق 8 أزواج,"24,15
SAR","26,83",4.3,اللون: أبيض | تفاصيل الاستدامة: نعم | مميزات إضافية: مرونة فائقة | حزمة متعددة: 1 | المجموعة: ملابس داخلية | الستايل: طويلة | نوع النسيج: جاكار | العمر: جميع الفئات العمرية | يمكن طلب بحد أقصى عدد 5 وحدة (وحدات) من هذا المنتج. يحق لترينديول إلغاء الطلبات التي تزيد عن 5 وحدة (وحدات).,https://www.trendyol.com/ar/meguca-socks/unisex-comfort-cotton-anti-sweat-booties-socks-set-8-pairs-p-810304931,Saudi Arabia
https://cdn.dsmcdn.com/mnresize/400/-/ty1631/prod/PLM/20250128/2018925/2019922/2046841/a4586d39-fba0-4291-9f9a-c23810c36a38/0_org_zoom.jpg,"Trendyol Collection طقم بيجامة محبوكة من القطن بنسبة 100% على شكل زهرة أرجوانية - بأزرار، THMSS25PT00179","74,99
SAR","171,00",4.5,اللون: أرجواني | الشخصية: رائع ومريح | طقم من الأسفل إلى الأعلى: تيشيرت - بنطال | الخصر: خصر عادي | الياقة: ياقة دائرية | المجموعة: رمضان | نوع النسيج: جيرسي واحد | القصة: مقاس عادي | يمكن طلب بحد أقصى عدد 5 وحدة (وحدات) من هذا المنتج. يحق لترينديول إلغاء الطلبات التي تزيد عن 5 وحدة (وحدات).,https://www.trendyol.com/ar/trendyolmilla/lilac-floral-100-cotton-knitted-pajamas-set-button-thmss25pt00179-p-879932575,Saudi Arabia
https://cdn.dsmcdn.com/mnresize/400/-/ty1626/product/media/images/prod/PIM/20250117/13/0ef28b5c-5d5d-408a-9dd4-61ec52cee7ce/1_org_zoom.jpg,Maybelline New York زي بلاك لاش سينسيشنال سكاي هاي,"39,20
SAR","49,00",4.5,اللون: أسود | التأثير: مكثف | الطول: المقاس الأصلي | نوع الفرشاة: بلاستيك | مقاوم للتعرق/الماء: لا أحد | يمكن طلب بحد أقصى عدد 5 وحدة (وحدات) من هذا المنتج. يحق لترينديول إلغاء الطلبات التي تزيد عن 5 وحدة (وحدات).,https://www.trendyol.com/ar/maybelline-new-york/blacklash-sensational-sky-high-costume-p-81492615,Saudi Arabia
https://cdn.dsmcdn.com/mnresize/400/-/ty1652/prod/QC/20250321/14/08a4fed7-d9cc-3981-ad2e-c5b461d0980b/1_org_zoom.jpg,U.S. Polo Assn. حقيبة كتف نسائية باللون الأزرق الداكن والأحمر كلاريت Us24732,"204,20
SAR","240,24",4.8,اللون: أزرق داكن | الخامة: جلد صناعي | المناسبة: كاجوال | السعة: 0-15 L | العمر: جميع الفئات العمرية | محتويات العلبة: قطعة واحدة | تفاصيل الاستدامة: لا | جودة الجلد: جلد صناعي | يمكن طلب بحد أقصى عدد 1 وحدة (وحدات) من هذا المنتج. يحق لترينديول إلغاء الطلبات التي تزيد عن 1 وحدة (وحدات).,https://www.trendyol.com/ar/u-s-polo-assn/navy-blue-claret-red-women-s-shoulder-bag-us24732-p-841501986,Saudi Arabia
https://cdn.dsmcdn.com/mnresize/400/-/ty293/product/media/images/20220110/13/24349390/355559454/1/1_org_zoom.jpg,Bianco Lucci قميص كتان نسائي بأكمام مطوية مع رسوم توضيحية للغابات,"44,29
SAR","46,62",4.4,اللون: أزرق | الخامة: كتان - فيسكوز | مميزات إضافية: لا توجد ميزات إضافية متاحة | نوع الكم: كم قياسي | محتويات العلبة: قطعة واحدة | القصة: مقاس عادي | الجيب: بدون جيوب | المجموعة: بيسكس | يمكن طلب بحد أقصى عدد 5 وحدة (وحدات) من هذا المنتج. يحق لترينديول إلغاء الطلبات التي تزيد عن 5 وحدة (وحدات).,https://www.trendyol.com/ar/bianco-lucci/women-s-sleeve-folded-linen-shirt-with-forest-illustrations-p-219472988,Saudi Arabia
https://cdn.dsmcdn.com/mnresize/400/-/ty1655/prod/QC/20250327/16/253d38f7-76e2-30e2-b687-50deb7469dca/1_org_zoom.jpg,WaterWipes WaterWipes 720 ورقة - مجموعة من 12 مناديل مبللة طبيعية,"154,16
SAR","338,81",4.7,نوع البشرة: حساسة | النوع: قياسي | محتويات العلبة: التسعينات | عدد المناديل في العلبة: 720 | يمكن طلب بحد أقصى عدد 1 وحدة (وحدات) من هذا المنتج. يحق لترينديول إلغاء الطلبات التي تزيد عن 1 وحدة (وحدات). | يُباع بواسطة  WaterWipes.,https://www.trendyol.com/ar/waterwipes/waterwipes-720-sheets-pack-of-12-natural-wet-wipes-p-32064888,N/A
https://cdn.dsmcdn.com/mnresize/400/-/ty1657/prod/QC/20250329/23/7305c4e0-4258-35eb-bf30-1ff5facf79eb/1_org_zoom.jpg,Embryolisse 75 مل كريم لايت مركز - كريم مرطب,"42,40
SAR","53,00",4.6,المحتوى: سيراميد | نوع البشرة: جميع أنواع البشرة | النوع: أنبوب | مميزات إضافية: بارابين مجانا | عامل الحماية من أشعة الشمس: بدون حماية | الشكل: كريم | مضاد علامات التقدم فالعمر: لا | الكمية: 51-75 مل,https://www.trendyol.com/ar/embryolisse/75ml-lait-creme-concentre-moisturizing-cream-p-35629105,Saudi Arabia
https://cdn.dsmcdn.com/mnresize/400/-/ty1511/product/media/images/prod/PIM/20240828/16/d4458916-9ef3-40d1-a3b8-0e4a6325a0a7/1_org_zoom.jpg,"Trendyol Collection طقم بيجامة فيسكوز - وردي، قلب ومضلع THMAW25PT00179","67,99
SAR","84,99",4.4,اللون: وردي | طقم من الأسفل إلى الأعلى: بنطال-سراويل | قصة الساق: أرجل مستقيمة | الستايل: بيسك | نوع النسيج: شالي | محتويات العلبة: قطعتان | طول الساق: طويلة | العمر: جميع الفئات العمرية | يمكن طلب بحد أقصى عدد 5 وحدة (وحدات) من هذا المنتج. يحق لترينديول إلغاء الطلبات التي تزيد عن 5 وحدة (وحدات).,https://www.trendyol.com/ar/trendyolmilla/viscose-pajama-set-pink-heart-and-piping-thmaw25pt00179-p-846165562,Saudi Arabia
https://cdn.dsmcdn.com/mnresize/400/-/ty1143/product/media/images/prod/PIM/20240124/12/da3080d0-0c6b-4eed-a07f-18d3b68ea21b/1_org_zoom.jpg,Trendyol Collection طقم بيجامة قطن 100% باللون الأزرق الداكن - قميص وسروال قصير THMSS20PT0406,"35,09
SAR","53,99",4.5,اللون: أزرق داكن | النمط: سادة | طول الكم: قصيرة | الخصر: خصر عادي | الخامة: قطن 100% | قصة الساق: أرجل مستقيمة | الياقة: ياقة القميص | القصة: مقاس عادي | يمكن طلب بحد أقصى عدد 5 وحدة (وحدات) من هذا المنتج. يحق لترينديول إلغاء الطلبات التي تزيد عن 5 وحدة (وحدات).,https://www.trendyol.com/ar/trendyolmilla/100-cotton-navy-blue-piping-pajamas-set-shirt-and-shorts-thmss20pt0406-p-43688921,Saudi Arabia
https://cdn.dsmcdn.com/mnresize/400/-/ty1630/prod/QC/20250128/16/6dfabb76-a820-328e-abe5-b82638095163/1_org_zoom.jpg,QOD قناع الشعر أرجنا 500 مل,"37,48
SAR","46,85",4.8,الكمية: 500 مل | التأثير: تغذية/إصلاح | نوع الشعر: لجميع أنواع الشعر | يمكن طلب بحد أقصى عدد 5 وحدة (وحدات) من هذا المنتج. يحق لترينديول إلغاء الطلبات التي تزيد عن 5 وحدة (وحدات). | يشمل سعر البيع على ترينديول بالفعل التكاليف المتعلقة بالتصدير. | يُباع بواسطة  Naqaa Al-Haya Est..,https://www.trendyol.com/ar/qod/argna-hair-mask-500-ml-p-896078518,Saudi Arabia
https://cdn.dsmcdn.com/mnresize/400/-/ty1653/product/media/images/prod/PIM/20250327/13/817678fa-d41a-4433-89ec-7eef152e2113/1_org_zoom.jpg,"Olalook بلوزة نسائية ذات فتحة علوية مرصعة بالأحجار، بدلة بالازو مضلعة من الأسفل TKM-19000180","38,26
SAR","40,27",4.3,اللون: رمادي | نوع القماش: محبوك | الخصر: خصر عادي | تفاصيل المنتج: مفتوح | نوع الكم: كم قياسي | الحزام: بدون حزام | الياقة: ياقة دائرية | تقنية الطباعة أو التطريز: غير مطبوع | يمكن طلب بحد أقصى عدد 5 وحدة (وحدات) من هذا المنتج. يحق لترينديول إلغاء الطلبات التي تزيد عن 5 وحدة (وحدات).,https://www.trendyol.com/ar/olalook/women-s-stone-top-slit-blouse-bottom-palazzo-corded-suit-tkm-19000180-p-637198414,Saudi Arabia
https://cdn.dsmcdn.com/mnresize/400/-/ty1166/product/media/images/prod/PIM/20240209/14/8d490896-6c47-44f3-af35-9fbb9eeca558/1_org_zoom.jpg,Trendyol Collection فستان طويل من الدنيم باللون الأزرق مع حزام TWOSS24EL00531,"52,00
SAR","129,99",4.5,اللون: أزرق | تفاصيل المنتج: بحزام | محتويات العلبة: قطعة واحدة | البطانة: غير مبطن | الموسم: جميع الفصول | تفاصيل الاستدامة: لا | العمر: جميع الفئات العمرية | القصة: مقاس عادي | يمكن طلب بحد أقصى عدد 5 وحدة (وحدات) من هذا المنتج. يحق لترينديول إلغاء الطلبات التي تزيد عن 5 وحدة (وحدات).,https://www.trendyol.com/ar/trendyolmilla/blue-belted-maxi-denim-dress-twoss24el00531-p-790497670,Saudi Arabia
https://cdn.dsmcdn.com/mnresize/400/-/ty1411/product/media/images/prod/PIM/20240709/15/17ec4c54-187d-4c13-ab37-8a08285a9fc8/1_org_zoom.jpg,Happiness İstanbul قميص Boyfriend ملون باللون الأزرق السماوي والأبيض للنساء DD01306,"48,30
SAR","139,00",4.2,اللون: أزرق | الطول: عادي | النمط: ملون | الخامة: قطن - بوليستر | نوع النسيج: بوبلين | محتويات العلبة: قطعة واحدة | القصة: قصة بوي فريند | تقنية الطباعة أو التطريز: غير مطبوع | يمكن طلب بحد أقصى عدد 5 وحدة (وحدات) من هذا المنتج. يحق لترينديول إلغاء الطلبات التي تزيد عن 5 وحدة (وحدات).,https://www.trendyol.com/ar/happiness-istanbul/women-s-sky-blue-white-color-block-boyfriend-shirt-dd01306-p-813874656,N/A
https://cdn.dsmcdn.com/mnresize/400/-/ty1615/prod/QC/20241222/09/0d3bcf4c-f2b5-3308-b86a-026e7dfc1792/1_org_zoom.jpg,"Qv كريم مرطب - 500 جرام، قطعتين","108,00
SAR","135,00",4,الكمية: 500 مل | غرض الاستخدام: الترطيب | النوع: جرة | الشكل: كريم | يمكن طلب بحد أقصى عدد 5 وحدة (وحدات) من هذا المنتج. يحق لترينديول إلغاء الطلبات التي تزيد عن 5 وحدة (وحدات).,https://www.trendyol.com/ar/qv/moisturizing-cream-500-grams-2-pieces-p-886263757,Saudi Arabia
https://cdn.dsmcdn.com/mnresize/400/-/ty1287/product/media/images/prod/PIM/20240502/16/072e5a2c-9431-4bcf-ab01-fe0cfaac1a97/1_org_zoom.jpg,Trendyol Collection بنطال رياضي منسوج بأرجل واسعة مع تفاصيل سحاب أسود TWOSS24PL00129,"18,80
SAR","46,99",3.7,اللون: أسود | تفاصيل المنتج: سحّاب | الشخصية: رائع ومريح | محتويات العلبة: قطعة واحدة | الجيب: بدون جيوب | نوع القماش: النسيج | العمر: جميع الفئات العمرية | الستايل: أرجل واسعة | يمكن طلب بحد أقصى عدد 5 وحدة (وحدات) من هذا المنتج. يحق لترينديول إلغاء الطلبات التي تزيد عن 5 وحدة (وحدات).,https://www.trendyol.com/ar/trendyolmilla/black-piping-leg-zipper-detail-wide-leg-wide-leg-woven-sweatpants-twoss24pl00129-p-806280182,Saudi Arabia
https://cdn.dsmcdn.com/mnresize/400/-/ty1638/prod/QC/20250218/18/f8c5dc81-1d2f-346c-a996-345a08952d26/1_org_zoom.jpg,Home Box مجموعة تخزين الطعام سبيكترا 3 قطع 300 مل,"4,00
SAR","499,28",4.3,اللون: رمادي | الكمية: 300 مل | الخامة: بلاستيك | حزمة متعددة: 3 | يمكن طلب بحد أقصى عدد 5 وحدة (وحدات) من هذا المنتج. يحق لترينديول إلغاء الطلبات التي تزيد عن 5 وحدة (وحدات). | يشمل سعر البيع على ترينديول بالفعل التكاليف المتعلقة بالتصدير. | يُباع بواسطة  Home Box KSA.,https://www.trendyol.com/ar/home-box/spectra-3-piece-food-storage-set-300-ml-p-900370070,Saudi Arabia
https://cdn.dsmcdn.com/mnresize/400/-/ty1647/prod/QC/20250310/10/666464d6-0112-336e-a88b-8338bee796f2/1_org_zoom.jpg,POLOGRAND London حقيبة كتف نسائية أصلية فاخرة من الجلد الناعم موديل أنيق مكونة من 3 أقسام وحزام متقاطع قابل للتعديل باللون الأسود,"62,96
SAR","89,95",4.2,اللون: أسود | الخامة: جلد صناعي | النمط: سادة | العمر: جميع الفئات العمرية | المجموعة: تصميم | المناسبة: كاجوال | يمكن طلب بحد أقصى عدد 5 وحدة (وحدات) من هذا المنتج. يحق لترينديول إلغاء الطلبات التي تزيد عن 5 وحدة (وحدات). | يُباع بواسطة  Tonny Black Shop.,https://www.trendyol.com/ar/pologrand-london/original-women-s-luxury-soft-leather-stylish-model-3-compartment-adjustable-cross-strap-black-shoulder-bag-p-902962943,N/A
https://cdn.dsmcdn.com/mnresize/400/-/ty1326/product/media/images/prod/PIM/20240524/14/ac630541-2d3a-4c2b-91e8-9cd1d2ed9406/1_org_zoom.jpg,Happiness İstanbul قميص أساسي طويل برتقالي كبير الحجم للنساء DD00842,"31,79
SAR","39,74",4.5,اللون: برتقالي | النمط: سادة | المجموعة: بيسكس | طول الكم: طويلة | محتويات العلبة: قطعة واحدة | الموسم: جميع الفصول | الحزام: بدون حزام | العمر: جميع الفئات العمرية | يمكن طلب بحد أقصى عدد 5 وحدة (وحدات) من هذا المنتج. يحق لترينديول إلغاء الطلبات التي تزيد عن 5 وحدة (وحدات).,https://www.trendyol.com/ar/happiness-istanbul/women-s-orange-oversize-long-basic-shirt-dd00842-p-91335942,Saudi Arabia
https://cdn.dsmcdn.com/mnresize/400/-/ty670/product/media/images/20221230/15/249383821/617154473/2/2_org_zoom.jpg,Trendyol Collection قميص منسوج بتطريز إكرو بقصة عادية TWOSS23GO00152,"50,99
SAR","59,99",4.6,اللون: إيكرو | نوع القماش: النسيج | العمر: جميع الفئات العمرية | الستايل: بيسك | تفاصيل الاستدامة: لا | طول الكم: طويلة | الطول: عادي | القصة: مقاس عادي | يمكن طلب بحد أقصى عدد 5 وحدة (وحدات) من هذا المنتج. يحق لترينديول إلغاء الطلبات التي تزيد عن 5 وحدة (وحدات).,https://www.trendyol.com/ar/trendyolmilla/ecru-embroidered-regular-fit-woven-shirt-twoss23go00152-p-382107024,Saudi Arabia
https://cdn.dsmcdn.com/mnresize/400/-/ty1630/prod/QC/20250127/14/453f6623-f9be-31d5-9bb5-7f912f720d79/1_org_zoom.jpg,Ahmed Al Maghribi مرج - او دي بارفان 60 مل,"175,00
SAR","286,00",4.6,نوع العطر: عطري | النوع: EDP | الكمية: 60 مل | يمكن طلب بحد أقصى عدد 5 وحدة (وحدات) من هذا المنتج. يحق لترينديول إلغاء الطلبات التي تزيد عن 5 وحدة (وحدات).,https://www.trendyol.com/ar/ahmed-al-maghribi/marj-edp-60ml-p-895658598,Saudi Arabia
https://cdn.dsmcdn.com/mnresize/400/-/ty1622/prod/QC/20250107/09/d12039db-2b0d-3e35-aed7-59005f2821d1/1_org_zoom.jpg,KATE HOME مجموعة من 12 قطعة من أوعية التوابل سعة 450 مل مع ملصقات وملعقة ذاتية قابلة للقفل - 25 ملصقًا هدية,"53,94
SAR","69,20",4.6,الخامة: بلاستيك | حزمة متعددة: 12 | الكمية: 250-499 مل | يمكن طلب بحد أقصى عدد 5 وحدة (وحدات) من هذا المنتج. يحق لترينديول إلغاء الطلبات التي تزيد عن 5 وحدة (وحدات). | يُباع بواسطة  MY HOME.,https://www.trendyol.com/ar/kate-home/set-of-12-450ml-labeled-and-lockable-self-spooned-spices-25-label-gifts-p-792652609,N/A
https://cdn.dsmcdn.com/mnresize/400/-/ty1651/prod/QC/20250321/16/08ba3ac9-2394-38e5-b4bf-739e89467291/1_org_zoom.jpg,Home Box طقم أكواب أطلس 6 قطع - 200 مل,"5,95
SAR","499,28",4.3,اللون: أبيض | الخامة: الزجاج | حزمة متعددة: 6 | الكمية: 200 مل | ميزة: قابل للغسل يدويا | يمكن طلب بحد أقصى عدد 5 وحدة (وحدات) من هذا المنتج. يحق لترينديول إلغاء الطلبات التي تزيد عن 5 وحدة (وحدات). | يشمل سعر البيع على ترينديول بالفعل التكاليف المتعلقة بالتصدير. | يُباع بواسطة  Home Box KSA.,https://www.trendyol.com/ar/home-box/atlas-6-piece-glass-set-200-ml-p-921577475,Saudi Arabia
https://cdn.dsmcdn.com/mnresize/400/-/ty1241/product/media/images/prod/PIM/20240403/16/d8191b18-cdcc-4417-8c9f-b4ea66d0f95a/1_org_zoom.jpg,Trendyol Collection فستان ميدي محبوك مرن بدون أكمام مبطن باللون الأسود TWOSS24EL00785,"38,40
SAR","95,99",4.6,اللون: أسود | تفاصيل المنتج: كسرات | الستايل: قصة سكيتر | نوع القماش: محبوك | المجموعة: رمضان | النمط: سادة | طول الكم: بلا أكمام | نوع النسيج: كريب | يمكن طلب بحد أقصى عدد 5 وحدة (وحدات) من هذا المنتج. يحق لترينديول إلغاء الطلبات التي تزيد عن 5 وحدة (وحدات).,https://www.trendyol.com/ar/trendyolmilla/black-pleated-lined-sleeveless-stretchy-knitted-midi-dress-twoss24el00785-p-809061135,Saudi Arabia
https://cdn.dsmcdn.com/mnresize/400/-/ty1664/prod/QC/20250413/09/54165865-d472-3aae-98d2-099e51e5b18f/1_org_zoom.jpg,Beauty of Joseon كريم الوقاية من الشمس من بيوتي أوف جوسون بخلاصة الأرز والبروبيوتيك ٥٠ مل,"37,99
SAR","59,99",4.6,نوع البشرة: جميع أنواع البشرة | غرض الاستخدام: إبراز الملامح | الشكل: كريم | النوع: أنبوب | المظهر: عديم اللون | مضاد علامات التقدم فالعمر: نعم | الكمية: 50 مل | الكمية: 31-50 مل,https://www.trendyol.com/ar/beauty-of-joseon/beauty-of-joseon-rice-probiotic-sunscreen-cream-50ml-p-267748711,Saudi Arabia
https://cdn.dsmcdn.com/mnresize/400/-/ty1624/product/media/images/prod/PIM/20250111/09/3ee035da-5648-448b-9dd8-334fdab0803d/1_org_zoom.jpg,Happiness İstanbul قميص نسائي أساسي طويل كبير الحجم باللون الأزرق السماوي DD00842,"29,83
SAR","39,78",4.3,اللون: أزرق | نوع الكم: أكمام طويلة | القصة: مقاس عادي | المناسبة: كاجوال | الحزام: بدون حزام | محتويات العلبة: قطعة واحدة | نوع الاغلاق: زر | مميزات إضافية: مزخرف | يمكن طلب بحد أقصى عدد 5 وحدة (وحدات) من هذا المنتج. يحق لترينديول إلغاء الطلبات التي تزيد عن 5 وحدة (وحدات).,https://www.trendyol.com/ar/happiness-istanbul/women-s-sky-blue-oversize-long-basic-shirt-dd00842-p-89234149,Saudi Arabia
https://cdn.dsmcdn.com/mnresize/400/-/ty1143/product/media/images/prod/PIM/20240124/12/6228018d-9f2a-4b44-8872-6ca96c2116cc/1_org_zoom.jpg,Trendyol Collection طقم بيجامة محبوك قميص وبنطلون مطبوع من فرو المنك THMSS21PT0876,"45,49
SAR","69,99",4.6,اللون: بني | حزمة متعددة: مجموعة من قطعتين | الطول: قياسي | نوع النسيج: جيرسي واحد | القصة: مقاس عادي | نوع المنتج: مصبوغ الغزل | المناسبة: ملابس نوم | نوع الكم: كم قياسي | يمكن طلب بحد أقصى عدد 5 وحدة (وحدات) من هذا المنتج. يحق لترينديول إلغاء الطلبات التي تزيد عن 5 وحدة (وحدات).,https://www.trendyol.com/ar/trendyolmilla/mink-printed-shirt-pants-knitted-pajamas-set-thmss21pt0876-p-89261044,Saudi Arabia
https://cdn.dsmcdn.com/mnresize/400/-/ty690/product/media/images/20230116/17/259879943/617951518/2/2_org_zoom.jpg,Trendyol Collection جينز أزرق فاتح عالي الخصر واسع الساق TWOSS23JE00068,"81,99
SAR","172,00",4.3,اللون: أزرق | الخصر: خصر عالي | الستايل: أرجل واسعة | المناسبة: كاجوال | الموسم: جميع الفصول | الحزام: بدون حزام | محتويات العلبة: قطعة واحدة | تفاصيل الاستدامة: لا | يمكن طلب بحد أقصى عدد 5 وحدة (وحدات) من هذا المنتج. يحق لترينديول إلغاء الطلبات التي تزيد عن 5 وحدة (وحدات).,https://www.trendyol.com/ar/trendyolmilla/light-blue-high-waist-wide-leg-jeans-twoss23je00068-p-382757167,Saudi Arabia
https://cdn.dsmcdn.com/mnresize/400/-/ty658/product/media/images/20221222/23/244488682/68282630/2/2_org_zoom.jpg,Trendyol Collection تي-شيرت محبوك سادة بياقة واقفة من القطن بنسبة 100% حزمة من قطعتين باللونين الأبيض والأسود TWOSS20TS1500,"41,99
SAR","149,00",4.6,اللون: أبيض | الطول: عادي | النمط: سادة | المجموعة: رمضان | نوع القماش: محبوك | الخامة: قطن 100% | العمر: جميع الفئات العمرية | نوع الكم: كم قياسي | يمكن طلب بحد أقصى عدد 5 وحدة (وحدات) من هذا المنتج. يحق لترينديول إلغاء الطلبات التي تزيد عن 5 وحدة (وحدات).,https://www.trendyol.com/ar/trendyolmilla/white-black-2-pack-100-cotton-basic-stand-up-collar-knitted-t-shirt-twoss20ts1500-p-38495447,Saudi Arabia
